Name	Formula	Mass	Frequency [meV]	Reference_Alpha	Reference_ZPR
mp-1000	BaTe	0.38645991228099996	0.05187	1.726851	-29.124171
mp-1002124	HfC	0.637516014916	0.021875	0.139134	-11.117524
mp-1002164	GeC	0.35090695587599996	0.020188	0.291462	-28.083588
mp-10044	BAs	0.32619404595600004	0.02024	0.008339	-0.717847
mp-1008223	CaSe	0.301175952025	0.035734	1.317878	-42.482682
mp-1008506	BaGaSiH	0.46344098522499994	0.100015	0.162606	-7.755426
mp-1008556	AlGaN2	0.250661436921	0.072406	0.619312	-59.854204
mp-1008559	BP	0.347400611649	0.070132	0.013762	-1.384844
mp-10086	YSF	0.40758775747600007	0.175198	1.307943	-59.410186
mp-1008680	TiGePt	0.5737911001	0.070924	0.201012	-6.370733
mp-1008786	MgTe	0.22361171137600003	0.039746	0.809846	-24.941314
mp-1009009	LiF	0.888747394756	0.00746	7.65369	-543.144259
mp-1009082	MgSnAs2	0.048724381696	0.302394	0.055042	-1.627153
mp-1009084	BeSnAs2	0.32789824537600004	0.263934	0.116269	-3.267452
mp-1009085	BeSiP2	0.350667677584	0.193897	0.107357	-6.79432
mp-1009087	BeSiAs2	0.3575609452960001	0.227245	0.078071	-4.010764
mp-1009088	BeGeAs2	0.297211419241	0.245531	0.070926	-2.380746
mp-1009127	MgO	0.274761527329	0.039012	2.245306	-166.619483
mp-1009129	MgO	0.30471283206400007	0.026442	1.900708	-152.256793
mp-1009220	NaH	0.527475375625	0.024763	2.301784	-241.072974
mp-1009733	Ca2Si	0.369349123081	0.072395	0.381083	-13.118159
mp-1009750	ScN	1.0539486244000003	0.022336	1.129883	-98.650304
mp-1009792	RuC	0.9308351808040001	0.02113	0.120625	-10.688552
mp-1009813	SiSn	0.166726039041	0.028551	0.003816	-0.163942
mp-1009819	SrO	0.983486740681	0.041585	3.946675	-220.124549
mp-1009820	SnC	0.07715117312099999	0.022172	0.09063	-7.179436
mp-1011695	Cs2Se	0.32323432036899996	0.122898	2.607603	-39.679391
mp-1014244	ZrZnN2	2.0166470875690004	0.096726	1.856111	-133.797015
mp-10159	K3Sb	0.11668031222500001	0.16304	1.10056	-13.546005
mp-10163	NaAlTe2	0.28126475833600006	0.350591	1.082914	-22.096639
mp-10167	Na3SbS4	0.7557068305960001	0.309588	3.475439	-77.234039
mp-1018040	MgSe	0.185692908241	0.126096	0.708408	-29.24784
mp-1018096	Ba2NF	0.5663781615610001	0.152018	3.102824	-120.737515
mp-1018100	AlSb	0.180554456889	0.128745	0.07329	-2.976224
mp-10182	LiZnP	0.33196956422400004	0.061363	0.399057	-17.527563
mp-1020019	Li2PNO2	0.5935747118439999	0.266805	2.047046	-197.566479
mp-1020059	LiGe2N3	0.301870028329	0.289828	0.756314	-66.720545
mp-10219	YOF	0.528355988161	0.161173	3.019243	-180.079893
mp-1022	K2S	0.35278491784899996	0.086506	2.458671	-70.383302
mp-10223	Na2PdS2	1.0541847602249999	0.3931	1.872623	-45.592632
mp-10226	NaYS2	0.592104087289	0.114002	1.876503	-73.071335
mp-10246	Na2PtS2	0.863791795216	0.403254	1.928726	-43.65698
mp-10250	BaLiF3	0.575728877824	0.138323	5.057729	-231.687507
mp-10281	ZnS	0.169022121129	0.300824	0.471989	-19.828997
mp-10289	Ca(BC)2	0.5210443235559999	0.214103	0.216004	-18.105957
mp-1029	BaF2	0.482716469284	0.070291	4.578057	-191.100948
mp-10322	BaHfN2	0.407132048761	0.266571	1.246679	-56.22939
mp-10341	SrGeTeO6	0.4725737536000001	0.228341	2.360103	-136.048058
mp-10378	Cs3Sb	0.158580761284	0.209281	1.464184	-13.333721
mp-10381	K2CuSb	0.43846248722500003	0.345775	1.541872	-22.658955
mp-10408	K2CN2	0.715035977604	0.135763	4.494341	-165.69121
mp-10417	KSbO2	0.6889365204840001	0.25885	4.356767	-146.897339
mp-10418	RbSbO2	1.3568825116089998	0.279583	6.77798	-202.621444
mp-10474	NaPF6	0.6657156553960001	0.1604	5.587789	-272.013306
mp-10485	BaLiSb	0.41131956096399996	0.240862	1.131544	-18.613598
mp-10492	Rb2SiF6	0.531467244324	0.302377	6.820168	-200.346046
mp-10547	RbAuO	0.42705702201599993	0.536739	2.488736	-48.359468
mp-10550	SrMg2N2	0.19391692959999998	0.123566	0.955492	-53.164788
mp-10572	NaPN2	0.8991041005210001	0.17911	2.254954	-189.641025
mp-10614	SrLiP	0.9333298881000001	0.067618	1.762995	-54.077896
mp-10615	BaLiP	0.21830293844100002	0.071184	0.847246	-24.09179
mp-10616	BaLiAs	0.16672113922499998	0.079058	0.785733	-15.641872
mp-10627	SrS	0.7704310185640001	0.042082	2.821312	-93.232717
mp-10653	SrTe	0.35864168368900007	0.05452	1.753341	-31.38225
mp-10680	BaSe	0.817479989316	0.05334	2.993544	-60.603891
mp-10694	ScF3	10.949024362761	0.108956	19.588898	-1313.369348
mp-10695	ZnS	0.16702015976100001	0.030621	0.467033	-19.618708
mp-1070	CdSe	0.053903373240999995	0.158011	0.235868	-5.80641
mp-10748	TaCu3S4	1.4909631024999999	0.269617	0.147763	-7.28856
mp-10760	MgSe	0.291701528836	0.036225	1.151771	-43.645247
mp-10776	K2Sn(AsS3)2	0.534251355625	0.431505	1.696004	-43.554576
mp-1087	SrS	0.43895925160000004	0.036695	1.899974	-66.92338
mp-10918	Rb2PdC2	0.47933882964900004	0.174169	3.244706	-44.260297
mp-10919	Rb2PtC2	0.361940608225	0.174119	2.207765	-29.324192
mp-10955	Sn(HgSe2)2	0.016325939528999998	0.321576	0.000883	-0.008952
mp-10969	CdCN2	0.7056436806760001	0.083276	2.538719	-121.941171
mp-11019	GaCuO2	0.477110695824	0.243807	0.84907	-56.737002
mp-11020	GaAgO2	0.33928178544099996	0.280349	0.786433	-48.307112
mp-11022	ScAgO2	0.6911710886889999	0.274589	1.407029	-94.756829
mp-1105	BaO2	0.594655357321	0.070455	3.5035	-149.216774
mp-1106	Sr2Si	0.195449757409	0.538507	0.35939	-8.685786
mp-11123	CsYHgSe3	0.217101015481	0.635828	1.390372	-25.694268
mp-11175	LiZnPS4	1.3551241536040002	0.208909	2.02847	-75.254712
mp-11265	BaCaSn	0.22099212960400003	0.610001	0.391851	-5.634873
mp-11327	Rb2Se	0.307187520025	0.111596	2.575686	-42.941968
mp-1138	LiF	0.891473984041	0.027472	5.695528	-452.727671
mp-1143	Al2O3	0.385664598361	0.214771	1.854077	-191.061761
mp-11520	YNiSb	1.024216865296	0.077502	0.197727	-5.059627
mp-1153	Li2S	0.40064595715600004	0.055348	1.427721	-81.395721
mp-11583	Zr2SN2	0.44027604208900006	0.293669	0.650485	-44.996045
mp-11659	BaTi(BO3)2	3.2821481888999995	0.261323	6.279856	-387.272031
mp-11674	Al2Se3	0.18710901872099997	0.375073	0.808545	-21.063994
mp-11695	Rb2Pd3S4	0.979375453956	0.353026	2.368316	-27.035863
mp-11703	KSbS2	0.519330657316	0.320996	2.62605	-56.642705
mp-11713	SiC	0.367597264804	0.258106	0.331847	-38.558498
mp-11714	SiC	0.35302848224399996	0.172936	0.349821	-41.30001
mp-11715	MgSn(BO3)2	0.723593513449	0.223884	2.698215	-191.615498
mp-11718	RbF	0.46520175124900004	0.040271	5.554849	-182.926002
mp-11719	K4ZnP2	0.271892373489	0.296752	1.546536	-33.173214
mp-11739	KLaTe2	0.6065917456	0.153874	1.864533	-36.501237
mp-11824	Ca3PN	0.49738320451600004	0.155048	1.562426	-61.838016
mp-11869	HfSnPd	0.569347211601	0.08126	0.195518	-4.821477
mp-1190	ZnSe	0.09136292116900001	0.03564	0.266401	-8.086837
mp-11917	Mg(BeN)2	1.1346297361000002	0.091229	1.73241	-174.165254
mp-11918	Ca(BeN)2	0.5373945571839999	0.236889	1.614466	-109.115446
mp-11919	Sr(BeN)2	0.44023490400400006	0.243287	1.448386	-91.221075
mp-12015	KAg2AsO4	0.27628374312899995	0.24785	2.179753	-61.262158
mp-12016	Rb2SiS3	1.0500367323689999	0.522998	5.793771	-106.638853
mp-12317	SrCN2	0.585430037956	0.080861	3.000545	-142.453397
mp-12418	SrCaGe	0.245863255716	0.534233	0.467354	-8.843927
mp-12427	Sr2TaGaO6	3.222157831369	0.387962	5.877744	-405.84153
mp-1243	Ga2O3	0.22753567804900002	0.252575	1.248988	-95.186478
mp-12442	KAuF6	18.5884286449	0.245798	39.658851	-724.589856
mp-12444	SrCuSF	0.31829230227599997	0.294972	1.372376	-48.54983
mp-1249	MgF2	0.526842253921	0.153592	4.026755	-267.628968
mp-12509	YZnPO	0.7586288060490001	0.256264	1.010418	-49.530314
mp-12525	Sr2LiReO6	0.998664446224	0.259498	3.376908	-187.343044
mp-1253	BaSe	0.42412395750400006	0.047357	2.146811	-44.85382
mp-12532	KAg2PS4	0.227399274496	0.333623	0.754165	-18.883874
mp-12535	K2ZnTe2	1.001416501264	0.486281	3.127632	-56.887724
mp-12558	LiMgAs	0.306747607104	0.06322	0.562846	-21.991846
mp-12622	SrPdF4	1.853091406089	0.401893	6.594392	-245.319538
mp-12623	BaPdF4	1.714418372164	0.433184	7.327561	-230.816339
mp-1265	MgO	0.34397873100900006	0.025083	1.963719	-169.038155
mp-1266	Na2Se	0.22467220801599996	0.080336	1.501035	-39.637532
mp-12779	CdTe	0.058083892036	0.173754	0.207348	-4.182001
mp-12814	Ba3SbN	0.32566653158399994	0.50181	0.955776	-22.462216
mp-1287	KS	0.6590500887609999	0.513094	3.670465	-91.251834
mp-12885	BaAl2Sb2O7	1.2732978440250002	0.38297	6.435174	-187.664915
mp-12894	Y2SO2	0.657438802276	0.126451	1.775098	-106.175816
mp-12903	YAgTe2	0.320283556096	0.380965	0.547345	-11.172287
mp-12908	ScAgSe2	0.444754276201	0.14263	0.635843	-17.69425
mp-12927	Ba(BeN)2	0.44082030724899995	0.260453	1.44662	-78.761839
mp-12954	CuBS2	0.46615302451599994	0.213611	0.147258	-9.826255
mp-12992	BaTiO3	0.7447327544410001	0.118843	6.418194	-165.709461
mp-13031	MgSe	0.183441746601	0.031749	0.697039	-28.790573
mp-13032	MgS	0.2490109801	0.028187	0.910984	-47.69018
mp-13033	MgTe	0.1633291396	0.033912	0.516509	-18.14123
mp-13056	Ba2LaTaO6	0.7932627664090001	0.370769	3.388674	-197.632348
mp-13097	NaZnAs	0.050901225769000004	0.222329	0.263028	-6.68702
mp-13099	YN	0.31797305988100005	0.023829	0.623581	-46.336963
mp-13109	SrHfO3	0.634641662736	0.319321	2.797318	-188.129819
mp-13133	K2TiO3	1.8442210364409999	0.395703	6.391442	-306.536155
mp-1315	MgS	0.34766943322500005	0.031466	1.344628	-66.174506
mp-13190	KRb2GaF6	0.506003172921	0.331963	7.814318	-212.332791
mp-13275	NaSrP	0.199733017225	0.340098	0.838213	-25.743488
mp-13276	SrLiP	0.5412000495689999	0.188142	1.382641	-43.971464
mp-13277	BaLiP	0.45406034559999997	0.204617	1.30059	-36.921275
mp-13287	BaCuTeF	0.368730701824	0.293697	1.161402	-29.001851
mp-1330	AlN	0.398317503376	0.022198	1.194116	-129.905926
mp-13356	Ba2SrTeO6	0.47850422760000005	0.344024	2.974058	-136.929711
mp-1340	Ga2Se3	0.1257553444	0.409971	0.473593	-10.051305
mp-1342	BaO	0.5073427984000001	0.046465	3.191754	-155.420541
mp-13445	Rb2As2Pt	0.462533289604	0.511486	1.631037	-19.099862
mp-1345	CaP	0.49173052522500005	0.404553	0.823958	-31.517148
mp-13548	Cs2Pt	0.728236943424	0.368046	4.006704	-34.215997
mp-13610	ZnPbF6	0.6484597729000001	0.252281	3.714594	-143.875389
mp-13658	RbNO3	5.377440982761001	0.327041	22.846225	-501.216784
mp-13660	Ca4Sb2O	0.23572481522499997	0.254879	0.816863	-20.886389
mp-1367	Mg2Si	0.25488664876899997	0.063803	0.199842	-8.394806
mp-13676	TlPO4	0.31149012076899996	0.352828	4.603768	-107.877071
mp-13798	K2NaTlF6	0.7036693225	0.406881	11.869774	-289.496898
mp-13800	Cs2NaTlF6	0.708219867364	0.422432	6.480526	-198.543428
mp-13868	PdF4	2.3519289600000004	0.302779	0.732444	-38.888688
mp-13898	Cs2NaInF6	0.5489417008359999	0.386142	5.429014	-180.346896
mp-13900	Sr(CuO)2	0.28439929068099995	0.365119	1.362985	-40.071942
mp-13903	ZnSnF6	0.543785306724	0.241646	4.037649	-184.028105
mp-13907	CdSnF6	0.531629098641	0.253558	4.295344	-171.577383
mp-13925	Cs2NaYF6	0.44962389160000005	0.411776	5.575884	-185.823949
mp-13926	Rb2NaYF6	0.503793326656	0.36082	8.094052	-235.123924
mp-1394	Rb2O	0.33814341300100004	0.08886	2.520174	-91.738327
mp-13948	Cs2HfF6	0.522847578724	0.364899	6.55988	-182.343836
mp-13949	Cd(GaTe2)2	0.110522337601	0.300899	0.209385	-4.220941
mp-13983	ZnPdF6	6.794796262488999	0.224318	6.240643	-273.924328
mp-13984	CdPdF6	5.1357122965210005	0.237543	7.532865	-274.480455
mp-13992	Cs2Pt3S4	1.6416246250809998	0.371277	3.315244	-32.144255
mp-14006	BaGeF6	0.6020921949160001	0.223047	6.077215	-216.300406
mp-14017	K3Sb	0.111131556496	0.416901	0.783569	-9.906622
mp-14036	KRb2RhF6	2.202558746404	0.338328	17.092899	-348.46006
mp-14037	NaTl2RhF6	0.8693809488359999	0.428709	7.419225	-166.107204
mp-14038	Rb2NaRhF6	1.8774562612090002	0.363009	9.766167	-285.34503
mp-14039	K2NaRhF6	1.8447126728039998	0.300653	12.431139	-348.888854
mp-14069	CsAlO2	0.336988377049	0.206191	3.726327	-122.100137
mp-14070	RbAlO2	0.38092596486399993	0.228039	5.986544	-170.178013
mp-14088	Rb2PdF6	2.5042682701439998	0.336829	13.975887	-275.246918
mp-14091	AlAgSe2	0.11860722723599998	0.3327	0.286982	-8.647346
mp-14092	AlAgTe2	0.100679924601	0.34876	0.160262	-4.333564
mp-14116	CuRhO2	0.9040472625960001	0.08441	0.125252	-9.471109
mp-1413	P2Ru	0.7463283934089999	0.153442	0.371969	-17.874043
mp-1415	CaSe	0.41687037902499996	0.037044	1.417142	-45.785759
mp-14175	K3NbO8	2.265389224641	0.404981	13.774423	-327.272624
mp-14205	K3Cu3As2	0.392935907716	0.33738	1.086882	-16.273908
mp-14206	K3Ag3As2	0.30235261795599994	0.360847	1.003757	-13.638126
mp-14285	CoP2	1.5563236157290001	0.325572	0.310216	-16.464164
mp-14333	TaAlO4	1.6529884905960002	0.306671	3.26286	-289.323003
mp-14398	CaSn(BO3)2	0.733581972036	0.238125	3.228303	-195.877926
mp-14437	RbYO2	0.611198731264	0.110591	2.927768	-169.492123
mp-14588	Na2PtSe2	0.8105905075840001	0.455871	1.705753	-30.628693
mp-14652	Cs2P3	0.648221434884	0.441511	2.383005	-35.344492
mp-1479	BP	0.347731937344	0.018648	0.011566	-1.17111
mp-149	Si	0.2886934392039999	0.023611	0.0	0.0
mp-1500	BaS	0.45076587488099995	0.040655	2.211044	-68.073988
mp-15157	Cs2CaF4	0.452553543841	0.280075	5.828013	-179.539973
mp-1519	CaTe	0.3806519809	0.039814	1.090306	-29.511077
mp-1522	FeS2	4.182262223364	0.141162	0.475666	-26.356471
mp-15349	Li2GeO3	0.521474625424	0.29852	2.169135	-170.597652
mp-1541	BeSe	0.362892988836	0.023324	0.351499	-24.985241
mp-1550	AlP	0.336111222001	0.024937	0.256934	-15.577266
mp-15556	Rb2As3	0.623202882624	0.572415	1.808589	-21.988898
mp-15557	Cs2As3	0.5939630761	0.511425	2.034997	-21.392349
mp-1565	ZrO2	1.2003284040250002	0.052279	2.604324	-210.328836
mp-15668	NaSe	0.218252480625	0.364689	0.697597	-14.888139
mp-15684	K2CuAs	0.426755160225	0.347615	1.591271	-27.44914
mp-15685	Na2CuAs	0.315734981409	0.309233	0.769039	-16.624855
mp-1569	Be2C	0.314819743744	0.039573	0.540392	-62.97519
mp-15703	BeCN2	0.39004646436900003	0.126561	0.513392	-73.488191
mp-15704	BeSiN2	0.360547407936	0.143994	0.768507	-95.847663
mp-15724	KNa2Sb	0.08232251256099998	0.141945	0.500298	-8.189347
mp-15776	Zn(GaSe2)2	0.127047334969	0.253718	0.330123	-9.188066
mp-15777	Zn(GaTe2)2	0.3266053920359999	0.290419	0.304611	-6.783084
mp-15781	KLaS2	0.723602019904	0.124733	2.590219	-88.05518
mp-15788	LiYS2	0.486048797584	0.105765	1.521832	-67.068746
mp-15794	LiYSe2	0.456065206276	0.123581	1.372559	-46.777694
mp-15896	Cu2SiSe3	0.057774371768999994	0.482316	0.065932	-2.042563
mp-1591	Al4C3	0.37115631907600005	0.160143	0.579278	-47.841416
mp-15951	BeF2	0.659743564516	0.229297	3.007256	-314.068617
mp-1598	Na3P	0.07628809720899998	0.306601	0.368763	-9.915623
mp-15988	Li2CuSb	0.505127182729	0.106032	0.215986	-6.608727
mp-15999	Li3AuS2	0.37145611878400003	0.405958	0.960208	-44.970025
mp-160	B	1.323845842225	0.215114	0.023306	-2.034023
mp-16236	KAgSe	0.11313468602500001	0.273624	0.887374	-15.36023
mp-16264	LiCaSb	0.569547939856	0.457882	0.792932	-20.237048
mp-16337	Ga2HgTe4	0.08133904	0.312162	0.162212	-2.781335
mp-1634	MoSe2	0.539158307076	0.244708	0.038544	-1.411962
mp-1639	BN	0.404868781849	0.015963	0.520388	-82.659657
mp-165	Si	0.394713140644	0.094774	0.0	-0.0
mp-16577	Li2CaHfF8	22.264666917024996	0.347165	28.131923	-1580.468082
mp-1672	CaS	0.4430127104639999	0.032735	1.531493	-65.429447
mp-16742	BaAgTeF	0.24896706915600003	0.37565	1.178465	-27.762097
mp-16763	KYTe2	0.5506589800959999	0.145065	1.448525	-31.999407
mp-16764	RbYTe2	0.5452419440249999	0.410921	1.594374	-33.237708
mp-1700	AlN	0.370729983376	0.019692	0.805197	-88.315118
mp-1747	K2Te	0.29206026147599995	0.100318	2.222962	-37.900127
mp-1778	BeO	0.4809866350240001	0.018431	1.506149	-202.010938
mp-1784	CsF	0.40060924596899994	0.045437	5.37498	-155.457173
mp-1794	BeO	0.4850495670250001	0.03964	2.34269	-287.609955
mp-181	KGa3	0.27284847780099997	0.55211	0.068072	-0.814673
mp-1873	ZnF2	0.43093447993600004	0.178582	3.673606	-180.014764
mp-1922	RuSe2	0.281660534089	0.397324	0.170175	-5.979827
mp-1958	SrTe	0.375140325169	0.046744	1.443271	-29.073332
mp-1960	Li2O	0.5198352320159999	0.046945	2.281949	-200.756634
mp-1968	La2O3	1.335300424704	0.135276	3.574025	-217.824839
mp-19717	TePb	0.128474932356	0.068933	0.384244	-5.318954
mp-19734	MgPbF6	0.810401449729	0.241701	4.78408	-220.349209
mp-19765	In2HgTe4	0.054978525624999997	0.335913	0.110359	-1.686678
mp-19795	InS	0.25835160808900004	0.317563	0.588858	-19.610626
mp-19799	BaPbF6	0.6596997039610001	0.254901	6.185038	-189.663451
mp-19833	InAgS2	0.057756586276000006	0.327241	0.078291	-2.01517
mp-19851	KInTe2	0.257499413136	0.388206	0.693246	-13.090821
mp-1986	ZnO	0.12547605907599998	0.025864	0.409211	-25.924382
mp-20015	As2PbO6	0.35255568769599993	0.235021	2.099579	-103.414476
mp-20027	FeP2	1.2776752976490002	0.146216	0.398425	-22.401661
mp-20072	LaCuO2	0.8269792594559999	0.09846	2.324045	-103.101164
mp-2008	FeAs2	1.5891350508810003	0.176728	0.370156	-15.167381
mp-20098	Ba2PbO4	0.42388954062399997	0.249198	2.601671	-104.3088
mp-20187	LiInSe2	0.20335500060099998	0.300097	0.749718	-19.396753
mp-20256	K3InP2	0.15755421876099998	0.533618	1.021322	-21.103569
mp-20282	CsPbF3	1.186049505481	0.475143	7.336683	-275.576862
mp-20289	NaInS2	0.41815492920100006	0.119317	1.472067	-52.532912
mp-2030	RuS2	0.335312799844	0.333643	0.147916	-7.54347
mp-20329	InAgO2	0.299896426384	0.294835	0.672898	-40.558969
mp-20351	InP	0.043862600356	0.030614	0.044066	-1.76059
mp-20459	TiPbO3	1.287875443716	0.135511	2.1412	-140.461607
mp-20463	CaPbF6	0.923461418961	0.216679	6.671296	-274.098048
mp-20620	Ba2NbInO6	2.489355017361	0.275521	5.025656	-310.317147
mp-2064	RbF	0.41949974534400003	0.043607	5.454824	-177.751313
mp-2068	RhF3	19.814062787400996	0.208548	1.170012	-69.577064
mp-2072	KTe	0.31299213484899996	0.421622	1.121152	-16.617981
mp-20731	In2HgSe4	0.067301330625	0.297511	0.204592	-3.703728
mp-2074	Li3Sb	0.38112966544900007	0.094363	0.773889	-24.897773
mp-20782	LiInTe2	0.190162277776	0.341754	0.571457	-10.955276
mp-2079	Rb2P3	0.609629900944	0.454226	2.182003	-35.891263
mp-20790	InPS4	0.34321319233600006	0.181335	1.500991	-32.988602
mp-20832	Zn(InTe2)2	0.08513615196100001	0.312389	0.180753	-3.397858
mp-21166	SrCaPb	0.175793202729	0.608531	0.314726	-4.314583
mp-21228	SrCuSeF	0.244419494544	0.32325	1.129704	-33.585915
mp-21276	PbS	0.1138590049	0.052667	0.485684	-12.926861
mp-2133	ZnO	0.14185768959999998	0.099498	0.599732	-39.824026
mp-21374	Cd(InTe2)2	0.08311631340100002	0.32097	0.198507	-3.459909
mp-2150	BaTe2	0.423985904164	0.267111	0.640529	-9.701177
mp-21510	K2NaInAs2	0.10625970062500001	0.5429	0.551649	-10.640741
mp-21511	K2NaInP2	0.15752961	0.498546	0.792981	-20.81577
mp-2172	AlAs	0.332476785664	0.0283	0.204308	-9.831305
mp-2175	TlF	0.293487645025	0.05678	2.964253	-81.393681
mp-2176	ZnTe	0.08221065217599999	0.038166	0.169724	-4.288322
mp-21855	VCu3Se4	1.515996262564	0.287739	0.223821	-4.792166
mp-22003	NaN3	1.5248989774240003	0.091308	6.833261	-258.293701
mp-2201	PbSe	0.094342351104	0.063642	0.422402	-7.27229
mp-22255	RbInTe2	0.277422370681	0.410653	0.786802	-13.314598
mp-2229	ZnO	0.18861301561600002	0.030948	1.141155	-73.043004
mp-223	GeO2	0.40619335288900005	0.229966	1.860496	-122.429332
mp-22304	Cd(InSe2)2	0.097817566564	0.289924	0.33663	-7.321098
mp-22313	Na2PtO2	0.961899985225	0.130458	2.369184	-101.778812
mp-22323	In2O3	0.149700121921	0.279105	0.823494	-52.641912
mp-22450	Li2PbO3	0.33539503168900003	0.365228	1.807046	-95.439036
mp-22473	NaInSe2	0.352013196249	0.138524	1.154984	-29.061177
mp-22483	NaInTe2	0.208745730769	0.39628	0.801673	-13.292076
mp-2251	Li3N	0.310815170064	0.064837	0.756533	-51.112456
mp-22607	Zn(InSe2)2	0.09799153729599999	0.277391	0.30396	-7.142181
mp-22660	InAgO2	0.299952287041	0.102286	0.6484	-40.205249
mp-22851	NaCl	0.35767695972099994	0.047451	4.704021	-133.762958
mp-2286	Li2Se	0.37716179822499996	0.058383	1.259893	-59.638272
mp-22862	NaCl	0.38816887302400005	0.038809	3.570748	-112.89807
mp-22865	CsCl	0.795000490384	0.051352	6.354297	-123.193352
mp-22867	RbBr	0.36359935206399996	0.054545	4.425743	-67.150525
mp-22875	TlBr	0.176655452416	0.072584	2.130939	-28.592445
mp-22888	CaBr2	0.8042251297959999	0.267804	4.244849	-107.172792
mp-22894	AgI	0.154389269776	0.199168	0.571453	-8.68063
mp-22895	CuI	0.13989096040000001	0.043341	0.241695	-4.708821
mp-22898	KI	0.31790314124100005	0.051641	3.129643	-52.28735
mp-22899	LiI	0.5630836513209999	0.038415	2.833756	-100.673499
mp-22901	KI	0.277035900964	0.057008	3.613646	-56.02904
mp-22903	RbI	0.321968860929	0.059176	3.727597	-46.302384
mp-22904	CaCl2	0.8976633974010001	0.199482	5.610566	-168.399105
mp-22905	LiCl	0.4609893974439999	0.033429	3.29769	-163.468491
mp-22906	CsBr	0.293093387161	0.059451	3.96322	-53.620089
mp-22909	ZnCl2	0.44654469759999993	0.217394	3.275247	-71.527375
mp-22913	CuBr	0.11006934228899999	0.043486	0.209969	-4.210155
mp-22914	CuCl	0.19963024	0.039907	0.574348	-14.172407
mp-22916	NaBr	0.3065870122089999	0.042706	2.961256	-74.72265
mp-22919	AgI	0.26380139545599995	0.061145	1.366071	-16.673072
mp-22922	AgCl	0.253377329956	0.046301	1.557797	-33.660295
mp-22925	AgI	0.15272698480900002	0.049815	0.564516	-8.532153
mp-22934	K2PtCl4	1.039072383801	0.276803	5.540795	-97.052533
mp-22935	CsBrF	1.3652707287039998	0.275718	8.416415	-203.501034
mp-22936	Ca2NCl	0.613383443344	0.106051	2.097337	-109.277379
mp-22937	Na4I2O	0.26443660675599995	0.281915	2.291969	-60.780391
mp-22951	BaIF	0.478530514081	0.246021	3.061922	-73.315314
mp-22956	K2PdCl4	1.207095545041	0.277026	5.561232	-103.129332
mp-22957	SrClF	0.5568741376	0.19989	3.947213	-139.192933
mp-22975	Rb2TeCl6	0.5608871577760001	0.376644	5.523507	-86.724591
mp-22984	NaBiO2	0.40605697507599997	0.256603	1.569073	-77.009897
mp-22988	CsGeCl3	1.081375371664	0.229823	4.318082	-109.686433
mp-22990	CsICl2	1.0742721338409997	0.165174	7.378276	-103.004232
mp-23004	CsMgCl3	0.360145214641	0.440853	5.063283	-90.547131
mp-23009	Ca2BrN	0.609873531136	0.115335	2.012243	-95.472456
mp-23017	CsCu2Br3	0.304553874496	1.093702	5.473406	-36.856536
mp-23018	BiSbO4	0.872994972964	0.356253	2.670592	-139.182447
mp-23023	LaBrO	0.730262538916	0.203432	2.721539	-110.514647
mp-23024	SrBrF	0.520657492356	0.218935	3.565079	-106.759319
mp-23025	LaClO	0.738755721081	0.183907	2.91005	-133.790468
mp-23033	Sr2NCl	0.5697230400000001	0.122707	2.325014	-100.519824
mp-23036	K2SeBr6	0.312677798976	0.402994	3.069427	-42.302057
mp-23040	Ca2PI	0.47955763500100007	0.130322	1.460547	-42.775074
mp-23054	NaBiO3	0.355033647409	0.294124	1.625385	-81.457841
mp-23056	Sr2BrN	0.5590208963290001	0.132383	2.187606	-85.604263
mp-23059	Rb2SnCl6	0.47580196665599994	0.475038	5.527245	-84.873776
mp-23060	Cs2PtI6	0.32150487619600004	0.550139	1.695224	-12.783582
mp-23067	K2PdCl6	0.597493442529	0.30953	4.100188	-57.711914
mp-23070	BaBrF	0.5203963182250001	0.231786	3.649034	-98.63079
mp-23091	Ba2BiSbO6	0.36267374617599996	0.372907	1.828883	-95.530685
mp-23092	Ba2TaBiO6	0.532749630609	0.386815	2.267887	-142.887516
mp-23097	K2Os(Cl2O)2	5.763014794384001	0.33521	27.103136	-432.823529
mp-23116	CuBiSeO	0.143199425889	0.332999	0.514186	-14.823625
mp-23120	Cs2NaYCl6	2.394038263824	0.437019	14.39967	-253.838943
mp-23127	Ba2BiSbO6	0.34921717491599996	0.346166	1.764528	-94.174253
mp-23137	Ba2YBiO6	0.46456492810000005	0.306134	2.877048	-127.518329
mp-23167	TlCl	0.214252339876	0.063319	2.275216	-45.14998
mp-2319	P2Os	0.773462204089	0.155058	0.431442	-19.874145
mp-23193	KCl	0.434752972164	0.042709	4.32329	-110.091983
mp-23197	TlI	0.5316757639209999	0.081505	3.617517	-37.749617
mp-23209	SrCl2	0.3724563252639999	0.081113	3.357314	-94.243005
mp-23214	CaCl2	0.9083462371840001	0.228365	5.044753	-160.009284
mp-23222	Li3Bi	0.36132481660900007	0.099099	0.511177	-14.571766
mp-23231	AgBr	0.18120261104099997	0.054341	1.237721	-19.289511
mp-23251	KBr	0.368191676944	0.047625	3.809327	-75.178441
mp-23259	LiBr	0.338878829689	0.035987	2.588413	-108.258088
mp-23260	BaI2	0.554847704161	0.728197	4.059317	-50.670835
mp-23268	NaI	0.25683610409999996	0.046002	2.374021	-50.637683
mp-23289	KCl	0.385555306761	0.046192	4.552918	-112.684569
mp-23295	RbCl	0.415845709321	0.0469	4.687903	-98.436436
mp-23299	RbCl	0.35588264048099993	0.049298	4.445946	-93.251925
mp-23302	RbI	0.26801018380899994	0.06333	3.750568	-44.995478
mp-23303	RbBr	0.30384569328399996	0.057937	4.269716	-63.95214
mp-23350	Rb2PtCl6	0.694493889769	0.40326	5.164447	-61.609526
mp-23353	Cu2HgI4	0.151356790116	0.34511	0.449794	-5.646921
mp-23364	CsLiCl2	0.402449403321	0.358258	4.236205	-114.934452
mp-2340	Na2O2	0.767963032225	0.371264	4.434811	-208.839176
mp-23405	Cs2TeBr6	0.395664902361	0.543727	3.171151	-40.687088
mp-23406	Cs2PtCl6	0.8354051400249999	0.398968	5.368364	-61.229771
mp-23425	Cs2PbCl6	0.455623650001	0.44147	3.987506	-58.648614
mp-23432	BaClF	0.549630959641	0.214036	3.957022	-126.453911
mp-23465	Cs2TeCl6	0.6243433437160001	0.457121	4.679411	-81.003511
mp-23475	Rb2PbCl6	0.3792712225	0.373889	4.769878	-63.859778
mp-23484	CsAuCl3	0.27904806249999997	0.522108	0.782007	-6.312418
mp-23485	Ag2HgI4	0.191774802241	0.387428	1.081307	-11.628238
mp-23513	K2PtCl6	0.6229787041000001	0.315731	5.513369	-75.762949
mp-2352	Na2O	0.319350442321	0.063504	1.925421	-100.826827
mp-23550	KBrF4	1.316772315049	0.455475	7.865795	-276.754446
mp-23703	LiH	0.386293325625	0.019829	1.120302	-149.813121
mp-2371	Ga2Te5	0.157933118464	0.303345	0.352719	-5.247086
mp-23737	KMgH3	0.349336556209	0.096865	1.283068	-152.563997
mp-23804	Mg2FeH6	0.947618530849	0.171285	2.28083	-118.47931
mp-23818	BaLiH3	0.37013595854400005	0.08949	0.973296	-110.246726
mp-23859	CaHCl	0.6248570494410001	0.155289	2.476109	-126.200352
mp-23860	SrHCl	0.5348713598010001	0.169445	2.528441	-117.10443
mp-23861	BaHCl	0.5320360304639999	0.182954	2.501178	-109.796656
mp-23862	BaHI	0.47361924000000005	0.215389	1.965315	-65.435742
mp-23870	NaH	0.547873834225	0.021307	2.123224	-234.560889
mp-239	BaS3	0.686756949264	0.289783	1.777586	-36.525104
mp-23949	RbCaH3	0.485972111689	0.119838	2.552051	-199.142119
mp-23956	K2MgH4	0.45451058227600005	0.163222	1.633695	-177.57624
mp-2400	NaS	0.47049996490000007	0.304157	1.991937	-55.57776
mp-24007	Rb2HBrO	0.38314490616899993	0.4363	4.527208	-103.050593
mp-24066	SrHClO	0.40195219600900006	0.259183	3.198622	-123.327833
mp-24084	KH	0.530898762384	0.02289	2.447692	-235.174985
mp-241	CdF2	0.373250127364	0.064025	2.971052	-138.013113
mp-24292	Sr2H6Ru	0.699846018624	0.193101	2.748957	-99.130214
mp-24341	CsBeH3	0.695067361849	0.299204	3.799283	-178.862801
mp-24423	SrHBr	0.5124612664959999	0.188032	2.422439	-92.442362
mp-24424	BaHBr	0.512276590225	0.201435	2.410287	-87.961042
mp-24428	KH2N	0.43475033473600005	0.209305	4.408446	-158.052273
mp-2455	As2Os	0.5453261254439999	0.189823	0.395048	-12.4827
mp-24589	K2HBrO	0.406132171225	0.391475	4.340902	-117.260734
mp-2469	CdS	0.11185078248099999	0.033712	0.399122	-14.17201
mp-2472	SrO	0.5366968992160001	0.033194	2.903218	-165.582918
mp-24721	RbH	0.471500582281	0.023618	2.309073	-208.300681
mp-2490	GaP	0.348765838096	0.027909	0.167685	-8.070815
mp-2517	Ca2Si	0.2835882008999999	0.451906	0.385902	-11.568499
mp-252	BeTe	0.386835485521	0.024122	0.175395	-10.916465
mp-2530	Li2Te	0.35723692224900006	0.061974	1.022644	-42.124361
mp-25305	Y2Ti2S2O5	1.1461222660409998	0.342256	1.881604	-129.659876
mp-2534	GaAs	0.024174652324000002	0.032984	0.006524	-0.21911
mp-2542	BeO	0.597391413921	0.064006	1.71233	-229.984324
mp-2552	TeO3	0.442499022436	0.195742	1.50118	-89.088777
mp-2574	ZrO2	0.823922920804	0.150463	2.458455	-166.96711
mp-2576	Sr2Ge	0.213377477184	0.584923	0.418034	-6.875202
mp-2600	BaTe	0.833377281025	0.057325	2.681301	-42.509148
mp-2605	CaO	0.588172421776	0.029004	2.57975	-176.982796
mp-2624	AlSb	0.373618005049	0.029916	0.101484	-4.133882
mp-2646	Mg3Sb2	0.292290528321	0.171066	0.520529	-13.61729
mp-2657	TiO2	0.857270440321	0.162413	1.86859	-166.813735
mp-2659	LiN3	1.8583905799840004	0.08495	8.16609	-421.814922
mp-2667	CsAu	0.23767282528899997	0.066732	1.288397	-11.931629
mp-267	Te2Ru	2.335147678161	0.200394	0.542296	-15.803854
mp-2672	K2O2	1.0096250496010002	0.26838	5.183989	-194.943499
mp-2691	CdSe	0.047837126088999996	0.040298	0.09355	-2.173321
mp-2695	Sb2Os	0.734263899664	0.215758	0.439152	-10.853402
mp-2697	SrO2	0.643715777761	0.095211	3.780122	-176.625097
mp-27138	K2PdBr4	0.9042260244639999	0.321391	4.475054	-67.530827
mp-27193	RbIO3	0.6311778140890001	0.151578	3.638714	-111.554837
mp-27207	K2MgCl4	0.399649023684	0.296391	6.043493	-133.068503
mp-27227	LiAg3O2	2.025791429809	0.443557	1.145874	-46.647672
mp-27243	K2PtBr4	0.814990061824	0.321784	4.630259	-67.436821
mp-27255	Ga2TeS2	0.38003526089999995	0.388724	0.831106	-21.645843
mp-27294	Ca3AsBr3	0.787210788001	0.318603	2.478197	-66.747013
mp-27300	RbAuBr3	0.20605153704100002	0.584908	1.099842	-8.522297
mp-27303	NaAg3O2	1.602388881025	0.490193	1.008699	-36.298829
mp-27315	CaTiF6	68.600319765961	0.303158	48.945968	-2946.721278
mp-27369	RbGeCl3	1.0662441732810002	0.476303	6.708164	-120.332942
mp-27385	KTlCl4	0.6291852769440001	0.607237	6.455973	-98.460065
mp-2741	CaF2	0.549924581761	0.060459	4.315382	-249.361219
mp-27419	LiBiF6	1.2816073905609997	0.24746	6.213044	-287.14672
mp-27420	NaBiF6	1.340144261316	0.274541	7.24466	-252.500998
mp-27421	RbBiF6	1.1528875230759998	0.294298	10.350873	-218.424096
mp-27422	CsBiF6	1.2022091812089999	0.303268	10.363153	-201.682432
mp-27456	BaBr2	0.6480990621160001	0.649138	4.869534	-79.161747
mp-27546	CaClF	0.642346146225	0.182593	3.854461	-164.489405
mp-27549	K2AgBi	0.174418157956	0.415631	0.753851	-9.424172
mp-27562	Na2Pd3O4	2.803745964721	0.265974	1.062751	-43.593023
mp-2758	SrSe	0.411449122249	0.043045	1.814983	-44.823664
mp-27608	Be4TeO7	0.304877352649	0.26671	1.213625	-129.167359
mp-27678	Y2Cl3	1.597382543376	0.38533	1.393463	-34.562762
mp-27691	K2PtBr6	0.414202939396	0.378548	3.829118	-42.105266
mp-27716	KTlO	0.39198618374399996	0.22616	1.314228	-52.506265
mp-27791	SrBe3O4	0.47405428225600005	0.411003	2.617412	-174.282408
mp-27827	Rb2TiCl6	2.650755196996	0.415921	8.781676	-195.599146
mp-27828	Cs2TiCl6	2.7105671044	0.405183	8.465053	-185.140016
mp-27829	Rb2SeCl6	0.5374722656250001	0.427245	3.943757	-76.264619
mp-27830	Cs2SeCl6	0.622465771225	0.420414	4.014571	-78.922245
mp-27831	Rb2ZrCl6	2.6014947972250004	0.358642	12.2337	-215.041943
mp-27839	K2TiCl6	2.6521685883040003	0.328273	10.079044	-224.734269
mp-2784	Na2Te	0.20678846759999997	0.087087	1.36406	-30.598247
mp-27869	Ba2PCl	0.48514568257600005	0.146025	2.090319	-53.793025
mp-27882	Cs2GeCl6	0.616159061764	0.398022	4.551945	-83.216624
mp-27904	FeSbS	4.369579845316	0.380387	0.664004	-27.050038
mp-27985	YClO	0.521952786369	0.172655	2.674539	-117.098359
mp-27999	K5CuSb2	0.1897212249	0.398477	1.395534	-17.746158
mp-28020	AlCuCl4	0.39668834822399995	0.488368	1.634867	-49.05082
mp-28069	Ca3AsCl3	0.8664593822440001	0.282502	2.863773	-93.013486
mp-28075	K2Ti2O5	2.940175513636	0.409452	36.741484	-369.064316
mp-28084	Rb2PdBr6	0.40758903432899996	0.492342	2.12319	-20.876571
mp-28110	Rb2PtI6	0.28896752824899996	0.446899	1.988022	-14.950722
mp-28111	K3NO3	5.4387370521000005	0.568648	21.540498	-268.497293
mp-28145	Rb2PdCl6	0.6863741395290001	0.398726	4.071052	-50.976201
mp-28171	K3IO	0.311102910756	0.205057	3.000581	-86.515717
mp-28237	RbLiBr2	0.361671134881	0.643392	57.844519	-99.331099
mp-28243	RbLiCl2	0.432942944256	0.347117	8.731916	-124.946835
mp-28264	RbH3O2	0.43994301152400006	0.319475	4.170979	-204.084795
mp-28270	KCuS	0.638979607044	0.525063	2.632309	-47.643755
mp-28295	CsIO3	0.5749415460009999	0.380269	3.812474	-109.757573
mp-28302	K4CdP2	0.26596196122500004	0.304086	1.367639	-29.135748
mp-28377	CsGeI3	0.208409597361	0.306471	0.994584	-15.871192
mp-28423	Ga2TeSe2	0.348470618596	0.439402	0.807726	-16.052978
mp-28453	CsAuI3	0.191349379225	0.677507	0.400416	-2.180481
mp-2853	GaN	0.23719627278400002	0.029855	0.791802	-62.634801
mp-28553	Ca2IN	0.6963068025	0.314645	1.882082	-84.494805
mp-28554	Ca2AsI	0.45891005004099994	0.140176	1.431421	-35.152184
mp-2858	ZrO2	1.7595836790489998	0.322603	2.747843	-223.919895
mp-28591	Na4HgP2	0.22642656064900002	0.278138	0.850889	-23.348229
mp-28599	Na4Br2O	0.30684841572099997	0.273284	3.51586	-90.030919
mp-28602	Na3ClO	0.348293546896	0.172916	4.585746	-129.882426
mp-28603	NaLiSe	0.22342732776100002	0.442509	1.38888	-43.965139
mp-28627	K4Br2O	0.38310776784899997	0.338416	5.713236	-114.271345
mp-28650	CsBr2F	0.577063564609	0.142372	8.26665	-157.45537
mp-28797	YHSe	0.263612418624	0.054527	0.382572	-20.171774
mp-288	PtS	1.130942917764	0.101897	0.193917	-3.177747
mp-28872	RbBrO3	1.054217616001	0.148912	8.132161	-199.079928
mp-28873	CsBrO3	1.201507553689	0.151755	9.016624	-204.474067
mp-2894	ScSnAu	0.586916871025	0.079315	0.079765	-1.862449
mp-28994	KLi2As	0.221043843409	0.277101	1.135852	-23.983789
mp-29025	Li5Br2N	0.3496865436489999	0.243515	1.876075	-77.099158
mp-29091	Ti(CuS)4	0.786217382721	0.307827	0.113155	-5.280163
mp-29138	KAuSe2	0.9612449457610001	0.389468	2.237739	-30.13724
mp-29149	Li4NCl	0.431752812241	0.149447	1.761007	-99.463513
mp-29151	Li5NCl2	0.456161107609	0.235168	2.286615	-120.625974
mp-29163	Ag2TeS3	0.37969258086399993	0.554603	0.515669	-11.161327
mp-2918	YCuO2	0.799132299364	0.260594	1.880504	-100.731762
mp-2920	LaAlO3	0.835123650201	0.306138	2.827725	-190.370853
mp-29208	Ca(MgBi)2	0.038326675984000004	0.185551	0.131132	-3.132768
mp-29209	Ba(MgBi)2	0.041379289560999996	0.20484	0.151104	-2.731508
mp-29266	CsS	0.6785475876	0.157169	3.658381	-70.453068
mp-29342	Ca3PCl3	0.8625895650490001	0.267657	2.679631	-97.002945
mp-29364	Li5SbO5	0.546679826884	0.277362	2.779476	-203.93979
mp-29396	Cu2PbO2	0.40712056359999993	0.378135	0.815767	-21.911401
mp-29398	Cs2HfI6	1.315776467329	0.623735	5.913841	-64.517201
mp-29403	GaCuI4	0.807708423076	0.279848	1.29178	-20.820228
mp-29463	LiBeN	0.5992911913210001	0.259159	1.393619	-127.61817
mp-29484	K4HgAs2	0.253007994001	0.336636	1.308365	-21.573778
mp-29506	CsBiO2	0.80694289	0.312752	5.708982	-155.949569
mp-29529	NaSnP	0.28809734200899995	0.242298	0.431802	-11.291363
mp-29585	K4CdAs2	0.229118267569	0.333275	1.220899	-20.155084
mp-2961	MgSiP2	0.34572988814399996	0.223345	0.308926	-15.685799
mp-2964	NaNO2	2.9181043965159996	0.095234	19.185047	-588.589953
mp-29678	AgBiS2	0.2982765456090001	0.142484	0.486799	-11.807146
mp-29750	CsMgBr3	0.29241921456399994	0.526591	4.39416	-61.701267
mp-29751	CsMgI3	0.49887522872100004	0.612765	5.68331	-62.615271
mp-29754	SrLiN	0.238647882256	0.164747	0.740473	-38.866422
mp-2979	ZnGeN2	0.18274599014399998	0.441392	0.498864	-41.079027
mp-30004	Rb4Br2O	0.3623329674809999	0.408378	6.887094	-104.181617
mp-30041	RbBiS2	0.27250070425600004	0.137796	1.335573	-34.72068
mp-30056	CsCaBr3	0.32285692202499994	0.282774	6.202816	-79.003153
mp-30062	Cs2PtBr6	0.533171594596	0.460036	3.250959	-29.857659
mp-30250	YAgO2	0.6397840182250001	0.288585	1.6486	-94.42235
mp-30251	YAuO2	0.46460037145599997	0.291605	1.300214	-62.002391
mp-30315	Ca3BN3	0.365975391681	0.190333	1.574511	-90.009552
mp-30373	RbAu	0.257887246276	0.06013	1.075115	-12.005039
mp-3038	Al2HgSe4	0.16051160832100003	0.265964	0.594931	-13.664954
mp-304	Ca2Ge	0.29289635760099997	0.492999	0.441927	-9.58985
mp-3042	K2SiF6	0.566635573504	0.303948	6.889129	-240.385661
mp-30456	SrLiBi	0.351949122009	0.537241	0.672648	-11.664628
mp-30459	ScNiBi	1.0215266184360001	0.074327	0.176799	-5.07136
mp-30460	YNiBi	1.0400981019039999	0.081896	0.114963	-2.728093
mp-3056	NaTlO2	0.22553475902500003	0.103456	1.105315	-58.28602
mp-3070	Na2CO3	0.618624721729	0.324077	5.111657	-234.696456
mp-3074	KAgO	0.6212797333690001	0.479204	2.118012	-64.011213
mp-3078	CdSiAs2	0.0501491236	0.298287	0.055469	-1.43089
mp-30847	TiSnPt	0.6253330084000001	0.074295	0.225901	-6.389468
mp-30988	KBiO2	0.7435733622490001	0.265091	3.051103	-123.68476
mp-3104	BaZrN2	0.393139032064	0.259917	1.140498	-52.446442
mp-31149	Ca3BiN	0.5216782865290001	0.156838	0.922227	-35.833709
mp-31212	K2MgF4	0.545332033156	0.222262	5.846047	-244.835134
mp-31235	BaNaBi	0.061580904024999994	0.4551	0.329846	-4.487847
mp-31451	ZrCoBi	1.8904187556249998	0.073728	0.524	-17.290978
mp-31454	TaSbRu	0.31254025680900005	0.075521	0.268881	-9.262359
mp-31468	LiCaN	0.297520066116	0.331956	0.948905	-58.987478
mp-315	PbF2	0.7848205818010001	0.076438	5.140026	-204.966268
mp-3159	Al2CdSe4	0.18081800152900002	0.249678	0.526445	-16.271136
mp-3163	BaSnO3	0.14783948100099997	0.139208	1.203736	-63.605481
mp-3167	Hg2GeSe4	0.042368870568999996	0.30789	0.063954	-0.920939
mp-3216	Li2ZrN2	0.9040624756839999	0.101231	1.531413	-108.118557
mp-3247	Cs2TiS3	1.286963189136	0.535099	4.197992	-100.30314
mp-32616	Ga2S3	0.22334036292099999	0.343877	0.774416	-24.421566
mp-3277	BAsO4	0.6710083608009999	0.115701	2.091083	-190.600737
mp-3288	CsNO2	3.4658486990410005	0.511866	78.736935	-741.856434
mp-32880	CuBr	0.110070005824	0.043344	0.209274	-4.196352
mp-3349	Sr3Ti2O7	0.8360194642809999	0.399844	2.361315	-179.410554
mp-33526	LiBiS2	0.578615806224	0.33366	0.891839	-28.858386
mp-33588	Ca2NF	0.36430640208399995	0.23805	1.833202	-105.053137
mp-3359	Ba2SnO4	0.3777147222250001	0.217062	2.25443	-113.490721
mp-3395	SrSeO3	1.2211774947610001	0.323776	6.218386	-218.735219
mp-34126	Cu4SnP10	0.175065254464	0.524975	0.11343	-1.33678
mp-34169	Zn(InSe2)2	0.09940652294400001	0.279771	0.306093	-7.118985
mp-3419	RbAuF4	3.4064903662240003	0.495093	14.922607	-283.407594
mp-3427	LiAlO2	0.475793689284	0.393959	2.219622	-188.393464
mp-34293	CsTaN2	0.47442202108900006	0.316528	3.281941	-76.804497
mp-3432	ScNiSb	1.0143914089	0.071085	0.250483	-7.897963
mp-3448	KMgF3	0.512080497604	0.137283	5.03255	-242.072761
mp-34579	Na3HfF7	0.610087528561	0.369915	8.145301	-270.905529
mp-3486	KSnSb	0.08949670559999999	0.283269	0.155167	-2.266728
mp-34932	CaHN	0.33410712039999996	0.049113	1.625389	-97.681188
mp-35015	NaBiSe2	0.467220096225	0.391752	1.619903	-19.657652
mp-35152	Sr2H5Rh	0.571879275529	0.180593	1.075077	-31.724662
mp-3519	ZrSO	0.895760030916	0.351787	1.329927	-75.258373
mp-35220	PHN2	0.653285844121	0.147005	1.524378	-148.316612
mp-3524	LiPN2	0.44640972332100004	0.158435	1.230652	-129.379365
mp-35777	Mg(InTe2)2	0.09328992835599999	0.311378	0.209419	-4.293041
mp-3589	BPO4	0.582162896016	0.108675	1.792382	-224.457343
mp-3595	ZnSiAs2	0.3901251600000001	0.270342	0.113102	-3.968975
mp-36066	PNO	1.239664013604	0.112868	2.733482	-280.576162
mp-36111	LiMgP	0.31892336128900006	0.057257	0.617762	-30.510244
mp-3614	KTaO3	2.558905716964	0.153511	4.786916	-389.546005
mp-3637	YOF	1.8944219044	0.153841	4.721314	-301.917606
mp-3642	ScCuO2	0.9821305506250001	0.248107	1.607709	-105.361757
mp-36508	SnHgF6	0.5186765168640001	0.2652	4.137886	-150.616468
mp-3654	RbCaF3	0.501456594496	0.188558	7.933548	-242.045149
mp-36582	NaHS	0.311845181761	0.060432	2.415769	-68.489907
mp-3666	LiTaO3	10.229007751524	0.262708	9.465961	-754.695629
mp-3668	CdGeP2	0.0738317584	0.274049	0.069366	-2.598732
mp-370	CdS	0.21743569	0.040695	0.846725	-26.886301
mp-3700	LiYF4	0.6182629722090001	0.350328	4.614059	-262.100414
mp-37091	Sr(AlTe2)2	0.270548740449	0.29589	0.821919	-16.301025
mp-37153	AgAsF6	0.573736562116	0.191445	4.389593	-132.204081
mp-37216	CdPbF6	0.631586236176	0.270068	4.389878	-149.490453
mp-3731	LiNbO3	1.3307237449	0.260849	3.254377	-261.34247
mp-3744	NaNbO2	1.0216155625	0.222658	0.629152	-35.635464
mp-3748	AlCuO2	0.757608345649	0.081841	1.017882	-83.991842
mp-3762	VCu3S4	1.6942198308840002	0.245415	0.171042	-7.406695
mp-3772	Cd(GaSe2)2	0.13005976704400002	0.265644	0.390746	-9.811336
mp-37906	LiMgN	0.37821516006399997	0.047665	0.999552	-78.914134
mp-380	ZnSe	0.0952771689	0.135801	0.298453	-9.105572
mp-38011	KHS	0.369144950329	0.06512	3.171699	-74.100258
mp-38117	Ba(GaTe2)2	0.2066157025	0.325263	0.572129	-9.213391
mp-3813	Ba2ZrS4	0.34727566860099995	0.318698	1.494883	-44.404402
mp-3821	K2PtF6	4.0079119085290005	0.322001	14.560867	-376.970188
mp-3834	BaZrO3	1.0953150443289998	0.149102	3.562928	-235.70815
mp-3839	GaCuTe2	0.032498354529	0.331466	0.012969	-0.238417
mp-3915	BaHgO2	0.5921348670090001	0.116726	3.096473	-106.09041
mp-3924	LiNbO2	2.295646189321	0.214372	1.428777	-85.653119
mp-3953	CaCO3	1.7915635110489998	0.256183	8.194513	-375.801162
mp-3980	LiSbF6	1.059742595844	0.238932	6.167755	-325.245171
mp-3982	KCuO2	1.7357351057289998	0.238194	4.761305	-155.453094
mp-4002	Li2ZrF6	4.740382726564	0.254857	12.365422	-815.381552
mp-4009	BaPdS2	0.5281074241	0.311927	2.227871	-35.509531
mp-4035	RbReO4	2.531672401129	0.438458	9.584285	-218.173806
mp-4043	NbCu3Se4	1.1610191800360001	0.297987	0.114009	-3.396541
mp-4047	Cs2SiF6	0.5018645637760001	0.31653	6.729582	-174.81233
mp-406	CdTe	0.053845346116000004	0.044188	0.135791	-2.677533
mp-4081	TaCu3Se4	1.3445492452090002	0.300184	0.12437	-3.742219
mp-4124	CaCN2	0.617690680489	0.076383	2.519871	-147.831478
mp-4156	Li2ZrO3	0.7924453576360001	0.330378	3.091613	-230.054504
mp-4175	ZnSnP2	0.065864602881	0.264633	0.057585	-2.270267
mp-4187	Ge2N2O	0.32009116675599997	0.247247	1.039499	-83.053607
mp-4190	CaSnO3	0.37205608129599993	0.265963	1.781784	-119.235502
mp-4200	ScPO4	2.945562117696	0.28983	4.9862	-395.565092
mp-422	BeS	0.378586706436	0.021865	0.460761	-38.247038
mp-4236	BaZnO2	0.363675333025	0.415405	2.074003	-102.218278
mp-4280	GaCuO2	0.47711760316900004	0.090333	0.851152	-58.445694
mp-4342	KNbO3	0.5319003692250001	0.117289	4.667098	-151.342439
mp-4359	Sr2PdO3	0.9210490423690001	0.164783	2.045591	-94.883191
mp-4360	NaCdF3	0.49755389062499994	0.334887	4.081269	-182.551023
mp-4385	CdCO3	0.663796379169	0.264442	3.936812	-158.573234
mp-4405	Rb3AuO	0.253055278116	0.295189	2.295779	-38.263687
mp-4406	CaSO4	0.529097666881	0.327634	3.311794	-191.622767
mp-441	Rb2Te	0.29248519076100005	0.117385	2.45665	-32.882854
mp-4452	Cd(GaS2)2	0.208405945225	0.229326	0.649045	-22.96539
mp-4495	KLiTe	0.235893804721	0.226506	1.479938	-34.680664
mp-4497	Si2N2O	0.46166453268100005	0.210754	1.266561	-145.033867
mp-4511	La2SO2	0.954101121961	0.137106	2.349643	-127.232223
mp-4514	NaNbO3	22.913664859683998	0.293804	12.788332	-1063.215257
mp-4524	ZnGeP2	0.38269689062499995	0.248632	0.120596	-5.360904
mp-4531	NaNO3	2.6262471249000003	0.287406	12.228069	-385.211327
mp-4533	Na2SiO3	0.46628412249999995	0.326996	2.891236	-177.791796
mp-4547	La2TeO2	0.5859871880040001	0.157345	1.679368	-60.170569
mp-4555	Ca(AsO3)2	0.465979621129	0.214901	2.074138	-149.121256
mp-4586	LiAlTe2	0.3845488144	0.30195	0.638034	-22.468897
mp-4609	HfSiO4	3.5542957606559997	0.302901	6.132513	-453.115933
mp-463	KF	0.5377728889000001	0.036325	5.609998	-218.989404
mp-4636	ScCuO2	0.7544138449	0.089427	1.331682	-87.892229
mp-4651	SrTiO3	3.330307457569	0.557207	38.485235	-395.553277
mp-4666	CdSiP2	0.3550610569	0.2524	0.203184	-8.550284
mp-468	AlF3	0.549641338884	0.208151	3.583812	-284.694224
mp-4690	K3TaO8	1.5903505102809998	0.400755	11.877346	-275.611556
mp-470	GeO2	0.234173727225	0.131246	1.232535	-100.036789
mp-4763	ZnSiP2	0.38681558302499996	0.230121	0.145406	-7.455977
mp-4782	CaSnF6	0.7812756744039999	0.273386	5.785299	-269.714022
mp-4809	Ga2HgS4	0.183030808041	0.238473	0.67754	-19.453817
mp-4824	NaZnP	0.33002037667600004	0.202647	0.652614	-22.675328
mp-487	MnP4	1.489710568369	1.106953	0.295538	-15.037692
mp-4961	Na2HgO2	0.848766051225	0.148707	2.46584	-105.251363
mp-4979	AlCuS2	0.20093164851599998	0.248987	0.28435	-14.302378
mp-5012	Li2SiO3	0.5573025617290001	0.279868	2.470319	-217.555842
mp-5020	BaTiO3	14.545078067601002	0.126835	9.248048	-740.729087
mp-5038	CsGaS2	0.31273148217600005	0.339549	2.879925	-50.600763
mp-504535	InHO2	0.232689499641	0.181442	1.234185	-98.577618
mp-5046	BeSO4	0.620594177284	0.115553	2.145551	-228.706691
mp-504729	Cs2PdF6	3.1988431379610005	0.338247	15.751706	-281.515534
mp-5048	LiGaTe2	0.808114698304	0.322182	0.96046	-22.762344
mp-504838	CsPS3	1.1652036669159997	0.404846	3.894635	-67.331711
mp-505297	NbSbRu	0.28318575110399996	0.072226	0.218693	-7.888083
mp-505634	Cs2Te3	0.901643303401	0.599628	1.672513	-18.129519
mp-505825	Cs2PtC2	0.418981754944	0.187516	2.809337	-30.465473
mp-5061	Li5ReO6	1.5648308686239998	0.298214	3.54803	-277.100198
mp-5072	Rb2HgO2	0.812601285136	0.189777	5.226305	-131.349121
mp-5077	NaLi2Sb	0.27713591496900003	0.106766	0.702709	-18.323624
mp-5078	SrZnF4	0.546087006529	0.42297	6.14186	-222.381111
mp-510268	Cs2Pd3S4	1.3919280399999998	0.359711	2.787926	-29.868247
mp-510273	CsSbO2	0.9046577882249999	0.301324	6.546739	-172.201878
mp-5122	Na3AlP2	0.22135237136099997	0.443273	1.283937	-30.398488
mp-5127	LiCuO	0.5909719500089999	0.352985	0.696847	-45.128037
mp-5132	YPO4	1.444243922289	0.306528	4.160189	-288.990803
mp-5175	NaInO2	0.269761816996	0.095772	1.496209	-92.189148
mp-5213	CdSnP2	0.0365230321	0.289479	0.024651	-0.832358
mp-5238	GaCuS2	0.122799783184	0.263156	0.191206	-6.922906
mp-5280	In2Ge2O7	0.237192376576	0.559082	25.815804	-109.190248
mp-5339	CsNaTe	0.22096674504100003	0.294669	2.005353	-28.40574
mp-5342	GaAgS2	0.131294623716	0.30737	0.359986	-11.003899
mp-5348	MgCO3	1.1734305625	0.221509	4.227094	-300.037474
mp-5350	Zn(GaS2)2	0.214268077881	0.217901	0.564786	-22.01809
mp-5377	YTaO4	1.6521760368999998	0.333222	3.381981	-244.253783
mp-5380	Ca4P2O	0.31120889532100005	0.230414	1.194989	-42.825686
mp-539	Ga2S3	0.23062757616900004	0.340005	0.951699	-26.188345
mp-5394	LaSF	0.47611242008099997	0.189347	1.668501	-69.423882
mp-540703	Cs2S	0.29291584108899993	0.705022	2.658767	-53.583314
mp-540957	Cs2TeI6	0.24144447689999998	0.649508	1.828088	-17.578384
mp-541037	CsCuO	0.652219375201	0.231216	5.13581	-76.37654
mp-541044	CsYO2	0.5147345025000001	0.310531	2.467233	-137.112124
mp-541226	CsBrF6	3.3415401281439996	0.305994	16.776843	-417.303258
mp-5414	NaSbS2	0.29723540724900005	0.309821	0.981878	-27.131227
mp-541899	CsCdBr3	0.3049093785959999	0.592111	4.862098	-52.302662
mp-541989	Na2CN2	0.6977027017959999	0.124161	3.901588	-178.80316
mp-5427	Mg2P2O7	0.467166782016	0.268298	3.317639	-214.947438
mp-543024	Cs2Pd(IBr2)2	0.234164049025	0.520369	1.369992	-12.310307
mp-545359	KNa2CuO2	0.773525527009	0.18945	4.441095	-133.102775
mp-545500	BaSbClO2	0.7421495133610001	0.349702	3.422766	-128.004919
mp-545544	Ba2TaBiO6	0.49666410553600004	0.35399	2.111562	-137.123
mp-546011	YZnAsO	0.337334448025	0.287127	0.829636	-29.413097
mp-546125	ScAsO4	0.523465273081	0.324286	2.10385	-149.196104
mp-546500	NaCNO	0.661715544681	0.091837	4.347408	-171.498589
mp-546794	SiO2	0.5554184296960001	0.125408	2.329443	-215.727926
mp-547244	SrBiClO2	1.0039779481689999	0.35821	5.03918	-168.408417
mp-5475	NaTaN2	0.6928331579560001	0.078585	5.82953	-104.757716
mp-547792	KSbO3	0.4522831504	0.284093	2.400151	-127.764686
mp-5478	TlPd3O4	3.4012838820490003	0.542468	4.837629	-38.855854
mp-5479	RbAlF4	0.49646116	0.176228	6.158455	-237.256021
mp-5488	LiInO2	0.28593617290000006	0.223632	1.785578	-108.930998
mp-549589	LaZnAsO	0.265664992329	0.296187	0.715487	-26.487972
mp-549697	RbGeIO6	0.6590176164010001	0.246259	3.086692	-149.652297
mp-549737	Ba2Ca(BO3)2	0.7473412311209999	0.313388	3.763285	-191.135301
mp-550685	Ba2CaTeO6	0.466877024656	0.268746	2.91387	-141.396088
mp-550751	BaBeSiO4	0.480343252624	0.180571	3.535441	-178.818113
mp-551092	KLiZnO2	0.372090240064	0.307012	2.483372	-122.01035
mp-551203	Sr2I2O	0.5081237575840001	0.464547	3.530716	-77.330694
mp-551243	BaBiIO2	0.661185275689	0.402669	2.99367	-91.846136
mp-551456	Ba2CuClO2	1.161637750849	0.218567	4.020574	-126.072391
mp-5518	GaAgSe2	0.039491625625000006	0.351096	0.038104	-0.764466
mp-551835	Ba2I2O	0.525472761025	0.494811	3.291973	-75.67955
mp-551873	Ca4Bi2O	0.22820302243600002	0.275665	0.728259	-15.873082
mp-552488	LaCuSeO	0.706468827289	0.309515	1.352889	-49.716114
mp-552537	Sr2CuBrO2	0.5516092316160001	0.214216	2.590678	-83.004306
mp-552547	SrBiIO2	0.7113640437759999	0.385142	3.25923	-98.605909
mp-552663	LiScAs2O7	0.5889411306250001	0.515267	14.374469	-190.273943
mp-552806	BaBiClO2	0.7853681641000001	0.372418	4.061518	-135.68715
mp-552934	Ba2CuBrO2	0.9877954666409999	0.228127	3.676258	-105.141962
mp-553025	CaBiClO2	0.8890094941289999	0.344476	3.660305	-144.988534
mp-5532	Sr2TiO4	0.8718946650090001	0.201615	2.59038	-189.681288
mp-553303	CsCu3O2	1.2999351816090001	0.204518	4.791754	-49.496874
mp-553310	CsCuO2	2.576214393481	0.276052	7.870644	-168.33411
mp-553342	CsBe2BO3F2	0.504706522329	0.235074	4.286463	-191.194708
mp-553374	Cs4Sb2O5	2.303653092841	0.484661	13.101267	-256.737012
mp-553875	Zr2SN2	0.43808778192399994	0.120381	0.732251	-47.473408
mp-553961	ScNbO4	1.6689177619559998	0.321607	3.113759	-257.556485
mp-554155	KSb(PO4)2	0.996652805625	0.332442	6.047151	-239.831645
mp-554412	RbTa(PO4)2	1.387474323921	0.376432	6.63539	-333.389439
mp-554941	KRb2BiF6	2.6288374341610004	0.217374	58.758358	-691.490822
mp-555166	BaAg2SnS4	0.30763107602500006	0.335837	1.134655	-23.167701
mp-555410	ZnS	0.169022121129	0.242529	0.480671	-19.79826
mp-555763	ZnS	0.16966572902500002	0.20905	0.469254	-19.692137
mp-556120	RbTl(SO4)2	1.346658127936	1.002646	200.712162	-239.134501
mp-556405	LaCN2F	0.840089566096	0.27803	3.258466	-157.380754
mp-556866	Ag2HgSI2	0.220545762129	0.690244	1.696903	-14.28479
mp-556953	RbPS3	0.894965192676	0.403937	3.292236	-61.324851
mp-557664	Cs2TlBiF6	0.6221391825639999	0.980864	246.525411	-164.269412
mp-558071	RbS	0.6871945767840001	0.146541	3.754955	-77.238258
mp-558118	BeF2	0.6757497616	0.227187	3.273939	-326.964166
mp-558430	BaB2F8	0.8157323060409999	0.346286	8.65411	-298.303285
mp-5588	BaSiF6	0.4978685376039999	0.241414	5.534053	-218.299075
mp-559092	ScF3	10.949024362761	0.106769	19.195746	-1287.009893
mp-559695	Cs2RbBiF6	1.056800448064	0.420992	27.389701	-354.277487
mp-560037	Rb2NaBiF6	1.8943283117160001	0.426152	16.840074	-402.346639
mp-560558	CsCdAuS2	0.38378025000000004	0.496473	3.024844	-37.034098
mp-560588	ZnS	0.171036836356	0.116748	0.48016	-20.180673
mp-560790	Cs2NaBiF6	6.411925423684	0.464983	21.717811	-653.484162
mp-560791	CsNaTiO3	1.5819577020810003	0.406757	5.092096	-253.532761
mp-561561	Cs2KRhF6	2.1679705944089998	0.397523	11.913047	-281.739728
mp-561586	CsLaS2	0.6095908621689999	0.140624	2.497717	-76.912138
mp-5618	Mg2As2O7	0.403655644921	0.523237	148.462888	-196.999285
mp-561827	Cs3TlF6	0.629399462409	0.341314	11.026757	-197.024894
mp-561947	CsHgF3	0.3201183241	0.207234	3.702326	-102.745035
mp-5621	NbCu3S4	1.2850738993209998	0.262465	0.12371	-6.433558
mp-5652	Y2Si2O7	0.5238169575039999	0.280653	2.572783	-181.674066
mp-567290	LaN	0.4113631733759999	0.106212	0.912397	-58.553325
mp-567373	LaCN2Cl	2.600856122089	0.292122	5.126583	-220.246275
mp-567558	CsAgCl2	0.3301054043039999	0.434291	3.660663	-63.526062
mp-567636	VFeSb	0.512033269225	0.065559	0.229687	-10.224525
mp-567652	Cs2LiYCl6	2.005755565009	0.477668	9.070214	-245.06808
mp-567655	Sr2C(NCl)2	0.476591406736	0.212837	2.931762	-109.018345
mp-567666	Ba3BiN	0.33193499504400004	0.521658	0.881249	-18.555962
mp-567680	BaCl2	0.584882330176	0.392237	4.833621	-107.866412
mp-567744	SrBr2	0.31692170976399997	0.618422	2.649218	-56.651792
mp-567776	Cs2AgAuCl6	0.41888466736900004	0.515906	0.868047	-8.825328
mp-567913	CsAuSe3	0.276858025929	0.530885	0.869694	-7.33157
mp-568018	RbSb2	0.21547421286399998	0.313675	0.572376	-5.262277
mp-568032	Cd(InSe2)2	0.11042063161599999	0.294734	0.395102	-9.011356
mp-568052	K2Ga3	0.238279683321	0.473437	0.203423	-2.561627
mp-568273	LiI	0.28558336	0.139652	1.818615	-66.819869
mp-568284	SrI2	0.668724875536	0.690587	3.133637	-54.266334
mp-568536	BaI2	0.5087112976	0.517287	3.955156	-48.539395
mp-568544	CsCdCl3	0.239035921569	0.228159	3.103249	-63.807079
mp-568560	TlBr	0.289073974336	0.062893	2.770809	-37.530657
mp-568619	SiC	0.374719052449	0.231338	0.360741	-42.604498
mp-568661	Cd(InSe2)2	0.08569143836100002	0.287213	0.26526	-5.950991
mp-568662	BaCl2	0.8909774150559999	0.085144	5.304019	-134.808194
mp-568968	K2SnHgSe4	0.22961443076100002	0.365615	1.120071	-19.267925
mp-569028	Rb2SnBr6	0.298566073744	0.412399	4.024394	-45.182584
mp-569149	K2TeCl6	0.5263633090809999	0.396573	7.298077	-106.25524
mp-569346	CuI	0.14287039232399998	0.162448	0.231877	-4.551563
mp-569442	RbAuCl4	24.421723283556002	0.580469	26.527143	-289.104004
mp-569548	CsAuBr3	0.20537573785599997	0.593012	0.389559	-2.618198
mp-569639	TlCl	0.322727384281	0.054611	3.065045	-60.344377
mp-569677	Sr2IN	0.5287762089	0.138288	1.89761	-68.849083
mp-569779	ScSbPd	1.0243119988890002	0.076339	0.220832	-6.09752
mp-569812	BaN3Cl	1.0716493920249999	0.328745	4.81835	-138.46171
mp-570008	Sr3BiN	0.395498858769	0.195327	1.009467	-31.660852
mp-570097	Sr(Li2P)2	0.5070750164639999	0.202494	1.147065	-40.177321
mp-570213	LiMgBi	0.034587816484	0.069446	0.037284	-1.044007
mp-570324	Rb2TeBr6	0.462402720004	0.537515	3.768091	-49.254187
mp-570354	CuBr	0.322039225225	0.067025	1.961001	-27.599653
mp-570485	SrAlSiH	0.320531484025	0.087232	0.219645	-11.35073
mp-570538	NaN3	1.2006395731689998	0.09102	6.745522	-240.821162
mp-570891	KBr	0.32009456136099995	0.051457	4.079905	-76.973358
mp-570935	LiI	0.33120945806400004	0.148594	1.352578	-55.448615
mp-571102	TlI	0.27112015886400004	0.066712	2.13029	-23.592982
mp-571124	Cs2KScCl6	2.997046515204	0.449493	18.915816	-286.164032
mp-571166	CaBr2	0.788417909041	0.240736	5.19818	-118.403779
mp-571222	CsBr	0.36297853552900006	0.058668	4.820269	-63.588698
mp-571306	Ca2Zn2CuP3	0.5563742690250001	0.65897	0.493282	-18.118227
mp-571386	CuCl	0.252608770404	0.06678	2.074062	-37.036932
mp-571461	K4ZnAs2	0.23548794344100002	0.31981	1.37836	-22.945223
mp-571467	Cs2NaYBr6	2.967309417744	0.513536	17.605383	-213.955776
mp-573204	Cs2KBiF6	1.2737831043999999	0.404655	18.316786	-337.538503
mp-573658	Cs3BAs2	0.441109833921	0.662682	2.630363	-35.012463
mp-573697	CsCl	0.39946950529600006	0.050085	4.885531	-92.044123
mp-573721	Cs2SiAs2	0.631851701881	0.485154	1.900706	-28.292605
mp-573755	CsTeAu	0.47613312057599994	0.321925	1.816426	-16.28626
mp-573763	Cs2Te	0.25777147494400005	0.829763	2.83043	-29.970695
mp-574599	CsAuSe	0.39164691748899993	0.340827	3.080334	-28.463141
mp-5782	AlAgS2	0.205196316196	0.288532	0.455663	-18.983333
mp-5784	Na2GeO3	0.420548359009	0.351811	2.510584	-143.697872
mp-5795	CaMg2N2	0.21626313168099998	0.11699	0.994943	-61.970764
mp-581024	CsK2Sb	0.13044015722500002	0.176601	1.183082	-13.344821
mp-581833	RbN3	0.6562798323210001	0.107567	6.788017	-154.487028
mp-5840	LiScO2	0.7483426446239999	0.201539	2.571353	-206.525275
mp-5858	CdPtF6	2.7133172562250003	0.237826	6.160409	-225.017516
mp-5860	K2HgO2	1.1637231376	0.16675	4.596354	-148.765888
mp-5878	KZnF3	0.44282370249999997	0.153428	4.607723	-196.56583
mp-588	GaF3	0.5037734529	0.224189	3.637509	-208.272304
mp-5928	Al2CdS4	0.26442015152399995	0.211641	0.781404	-32.211793
mp-5955	NaSbF6	0.924851502864	0.193944	6.76901	-255.458103
mp-5962	NaMgAs	0.11052167270400001	0.209648	0.708124	-15.756661
mp-5967	TiCoSb	2.149689657124	0.065453	0.573328	-23.234369
mp-5986	BaTiO3	0.744718946841	0.119267	4.832399	-164.584381
mp-602	Te2Mo	0.465226305625	0.260116	0.074568	-2.303844
mp-6026	Na2Mg(CO3)2	1.183711360225	0.292679	5.936874	-322.232103
mp-6058	K2NaScF6	0.5574981689640001	0.320628	8.026812	-269.221071
mp-6059	Cs2KYF6	0.4697046225	0.401597	8.632596	-207.009392
mp-608555	Cs2SnCl6	0.546909058089	0.421485	4.820806	-77.672375
mp-6088	LaCuSO	0.797031130756	0.291534	1.528684	-62.795485
mp-614603	CsI	0.33296362090000003	0.064635	4.267386	-45.338827
mp-616378	CsSnI3	0.144919546489	0.676786	1.678588	-22.705638
mp-6204	Cs2NaScF6	8.827548112160999	0.367816	20.451557	-787.303595
mp-623024	TiCdF6	3.3759615896410002	0.25408	9.792663	-528.495813
mp-625136	CsHO	0.657190712929	0.180562	5.118586	-162.093228
mp-626151	YHO2	0.48073422250000003	0.179212	2.242789	-158.887873
mp-626620	RbHO	0.38723115384100004	0.167264	3.97364	-141.514616
mp-626724	LaHO2	0.5391832726810001	0.196995	2.539465	-159.521436
mp-626785	KHO	0.44429156870400005	0.154729	4.178028	-174.198391
mp-6270	Ba2LiReO6	0.974368384201	0.313066	3.274287	-188.693241
mp-632319	CsH	0.6565374729000001	0.025164	2.26679	-190.721653
mp-634657	NaHS	0.3395742529	0.177382	2.577695	-74.245126
mp-634676	KHS	0.39261753446400005	0.197351	3.42447	-81.703523
mp-638729	Cs2ZrCl6	2.490349111056	0.436737	10.153852	-186.599357
mp-6408	ZnCu2GeS4	0.10180055984400001	0.264481	0.083002	-3.081765
mp-641923	Cs2SnBr6	0.33675853548099993	0.507119	3.23126	-39.55587
mp-642648	KP(HO)2	1.471429650625	0.35085	6.795082	-236.192212
mp-642725	CaHClO	0.40447819219600006	0.236481	2.774897	-130.039451
mp-643002	Mg2H6Os	0.777479535504	0.188242	2.462819	-110.534385
mp-643101	Rb2H6Pt	0.694587229561	0.228096	5.177186	-116.204241
mp-643243	Cs2H6Pt	1.1020338492840003	0.240851	7.000176	-132.989371
mp-643257	K2H4Pd	0.849602784121	0.173734	4.740355	-130.002228
mp-643260	Na2H4Pd	0.520983691264	0.157922	2.581913	-86.437561
mp-643264	BaMg2FeH8	0.7631944321	0.259186	2.184597	-128.860606
mp-643279	K2H6Pt	0.560382496569	0.208319	3.891481	-111.890006
mp-643370	Ba2MgH6	0.4252917967359999	0.204709	1.20793	-129.625195
mp-644203	CsCaH3	0.43469363196900007	0.115045	1.664308	-160.113471
mp-6450	K2LiAlP2	0.529056933769	0.418186	1.256593	-44.886911
mp-6459	CaMg(CO3)2	2.020045366089	0.238611	6.870841	-385.483743
mp-648	Na2S	0.278937141025	0.073959	1.724736	-60.88583
mp-6492	Ba2YSbO6	0.410118564025	0.27479	2.515696	-132.588608
mp-6494	K2Ca(CO3)2	0.932881676164	0.329554	5.503143	-255.639059
mp-6586	K2NaAlF6	0.5327861260839999	0.350186	6.062161	-243.757263
mp-66	C	0.450250394049	0.014611	0.0	0.0
mp-661	AlN	0.296149286416	0.069459	0.74453	-82.116006
mp-6613	Ba2YTaO6	2.506975055649	0.290973	5.999014	-356.937462
mp-6654	Cs2LiGaF6	0.514839255529	0.369797	7.048492	-187.299274
mp-6660	BaNaBO3	0.553724992129	0.363467	3.596906	-173.777306
mp-6686	K2NaInF6	0.586478740761	0.352403	9.576991	-269.131877
mp-672	CdS	0.11827202464900001	0.136913	0.449482	-16.116384
mp-675011	CsPF6	0.585733070224	0.265909	8.957352	-195.337799
mp-675104	Na3YCl6	2.823959255296	0.41477	10.273487	-305.012237
mp-675531	NaBiS2	0.6495392836	0.336667	1.177834	-33.801574
mp-675902	YCuSe2	0.6833832889	0.132149	0.809388	-20.622007
mp-676284	YAgSe2	0.187219770721	0.400222	0.708233	-15.242349
mp-676464	Cd3AsI3	0.12356349825599999	0.383317	0.86895	-11.343236
mp-676861	AlSbO4	0.274017700089	0.128595	1.296379	-106.138078
mp-677335	GaPO4	0.565529568289	0.130185	2.880291	-185.847732
mp-6798	Ba2NaReO6	0.9700319496040001	0.280246	4.093748	-188.734169
mp-682	NaF	0.5597134596000001	0.031655	5.142436	-256.072821
mp-684	BaS2	0.506151142249	0.217303	1.6908	-38.962833
mp-684580	AgI	0.15272698480900002	0.050096	0.567708	-8.580423
mp-684690	Sc2Se3	0.39252731039999994	0.386177	0.806436	-27.003069
mp-684969	Sc2S3	0.46418604134400004	0.312327	1.038569	-45.859368
mp-6867	KCaCO3F	0.6077231483559999	0.199114	4.945101	-225.65905
mp-6870	KBe2BO3F2	0.5884684916890001	0.23329	5.14418	-252.25313
mp-690785	Na2H6Pt	0.41088356400399995	0.194591	2.588345	-89.420789
mp-6920	KNO3	2.828666514496	0.126388	11.272317	-356.470568
mp-6929	Ca2As2O7	0.5232207555999999	0.559577	24.332254	-168.412028
mp-6930	SiO2	0.503728028644	0.201571	1.933757	-196.136243
mp-6947	SiO2	0.44678797008399995	0.111932	1.830304	-212.103675
mp-6949	InF3	0.4969319443559999	0.248134	4.079966	-173.615496
mp-6951	RbCdF3	0.42433238246399996	0.199003	6.402341	-180.19365
mp-6960	Rb2SiAs2	0.734000000644	0.462437	1.89813	-32.299024
mp-696804	RbHS	0.3729838041760001	0.227842	4.078174	-80.604408
mp-697030	Mg2H6Ru	0.849811109904	0.193654	2.44677	-113.412376
mp-697038	Ba2H6Ru	1.5606955212840004	0.204089	4.344414	-140.082898
mp-697044	Ba2H6Os	3.3688216392249997	0.209561	7.29227	-193.245479
mp-697096	Na2H4Pt	0.538753064004	0.158945	2.701786	-84.411937
mp-697133	Cs2CaH4	0.7153691820249999	0.210444	2.275256	-196.468495
mp-697144	RbH2N	0.39497831172899994	0.230635	4.533028	-139.893796
mp-6972	YCuO2	0.702225564121	0.093058	1.750803	-94.49119
mp-6973	CsNaS	0.270925455025	0.244798	2.223825	-54.707877
mp-6980	ScCuS2	0.7788468455289999	0.108714	0.842473	-31.671767
mp-6983	NaAgO	0.564731208196	0.436067	1.110076	-47.13447
mp-6984	K2SiAs2	0.8901356409000001	0.41575	1.892049	-38.942458
mp-6989	BaSeO3	1.0490675776	0.337218	5.463614	-196.236883
mp-7000	SiO2	0.503728028644	0.204164	1.957973	-198.608179
mp-7017	NaNbN2	0.6609137171559999	0.084161	14.308101	-90.803634
mp-7027	InBO3	0.44844451560000004	0.242161	2.296017	-132.102405
mp-7041	CaHgO2	0.643242496576	0.098978	1.761135	-98.213048
mp-7060	LaZnPO	0.28663816899600003	0.276247	0.761024	-32.548943
mp-7067	Ca(CdAs)2	0.038414432016	0.190164	0.077776	-1.843054
mp-7077	KAuS	0.43682053377599994	0.252314	2.983151	-43.989949
mp-7089	KMgSb	0.327574220281	0.231745	0.836265	-18.013497
mp-7090	NaMgSb	0.397882146841	0.225503	1.032272	-21.564713
mp-7100	LaOF	3.244634856369	0.170889	6.753521	-398.740358
mp-7104	CsCaF3	0.44148715802499994	0.169293	5.130155	-186.502621
mp-7128	Cd(AsO3)2	0.26069295756099997	0.219183	1.422299	-90.215315
mp-7140	SiC	0.357899473009	0.066911	0.365565	-43.194295
mp-7148	K2SrTa2O7	0.661821298576	0.411862	2.79623	-182.659533
mp-7173	ScSbPt	1.294739033956	0.076914	0.205632	-4.935116
mp-7176	RbLaSe2	0.6709051517440001	0.152613	2.586163	-58.003001
mp-7188	Al2Os	0.664865744449	0.058544	0.481106	-20.932845
mp-7219	Na2ZrSe3	0.6484549412889999	0.504578	1.78778	-50.506652
mp-7232	Cs2HgO2	0.9362284729210001	0.210963	6.781597	-144.089441
mp-7233	La2SeO2	0.8777741148159999	0.149312	2.228866	-107.819839
mp-7251	Ba2YNbO6	12.030901536481	0.29594	12.843958	-780.536402
mp-7297	Cs2SnF6	0.6634656371559999	0.356403	7.376913	-182.593296
mp-730	P2Pt	0.6533036259839999	0.35364	0.170528	-6.661689
mp-7323	RbBe2BO3F2	0.548943182649	0.232925	4.659047	-218.063459
mp-733	GeO2	0.406192078224	0.232217	1.878023	-123.605603
mp-736	Li3P	0.28874287310400004	0.21618	0.649646	-31.111225
mp-7374	Ba(CuO)2	0.343012862929	0.381735	1.68069	-41.890768
mp-7375	KNbO3	2.967099265729	0.126226	4.25136	-363.506284
mp-7392	Na2AgSb	0.588878203456	0.355531	0.888384	-15.677617
mp-7394	BaAg2GeS4	0.199646325124	0.298616	0.624986	-17.035059
mp-7421	KZnAs	0.054694709161	0.255985	0.070973	-1.436383
mp-743	RbN3	1.1741672881	0.263788	6.821135	-171.780144
mp-7436	KCuTe	0.11139106500900002	0.273943	0.250563	-4.476968
mp-7437	KZnP	0.14690125872899998	0.232043	0.368754	-10.660562
mp-7438	KZnSb	0.0657614736	0.281516	0.085801	-1.500466
mp-7439	K3Cu3P2	0.4700501024040001	0.31024	1.236188	-21.620288
mp-7446	Rb2S3	0.740418946576	0.448494	3.085867	-58.038558
mp-7447	Rb2Se3	0.6940156217760001	0.518724	1.575296	-23.437018
mp-7449	Cs2Se3	0.623406572721	0.56252	1.783844	-23.07313
mp-7457	SnF2	1.8410663458810002	0.5002	9.40428	-284.277805
mp-7467	RbCuO2	1.989262009744	0.257758	6.093341	-155.641694
mp-7469	NaCuO	0.6526700944000001	0.406803	1.372177	-51.442127
mp-7470	RbCuO	0.5170156454439999	0.497928	2.746191	-59.044648
mp-7472	RbAuO2	1.4814054369	0.276782	5.750979	-140.94535
mp-7482	RbHgF3	0.337159067716	0.103315	6.106816	-130.06644
mp-7505	K2P2Pd	1.2103432243359997	0.407426	2.749873	-47.701378
mp-752446	RbNO3	1.8443378280959999	0.379209	72.161814	-273.016881
mp-752580	RbNO2	4.982757019681	0.477972	101.3481	-994.618295
mp-752658	Y2SeO2	0.6217874462249999	0.133828	1.640906	-87.241889
mp-752676	TiBi2O5	0.575904925456	0.542788	2.826684	-122.867725
mp-753098	LiCuF2	1.7148792971559998	0.099307	2.979474	-174.09925
mp-753260	LaAgO2	0.758909291716	0.106054	2.124333	-100.163925
mp-753287	CaCdO2	0.17164863302499997	0.102128	1.043728	-61.571059
mp-753401	Sc2TiO5	3.4110913233959996	0.450348	4.754119	-393.328112
mp-753671	PNO	0.8693567064490001	0.11275	2.186453	-229.191263
mp-753747	Ta3O7F	0.5500120903839999	0.336782	2.681726	-178.063909
mp-753946	LiCoS2	1.018720806489	0.093615	0.174941	-6.958272
mp-754117	YHO2	0.5128278544	0.18355	2.365375	-175.131879
mp-754118	Sr(AsO3)2	0.456927329296	0.223198	2.306562	-145.534714
mp-754212	BaSr2I6	0.650292249649	0.573499	10.185577	-68.790019
mp-754326	NaAgO2	0.736617093696	0.095707	1.280785	-64.5058
mp-754363	Ba2HfO4	0.511043406129	0.227053	2.695121	-152.816133
mp-754368	NaSbO2	0.4330469119689999	0.251485	4.198946	-113.778073
mp-754517	SrCa2I6	0.6603041332809999	0.502786	4.239831	-65.675382
mp-754535	LaAgO2	0.7791416361	0.305334	2.310533	-108.451313
mp-754596	RbGaO2	0.31141757030399997	0.205471	7.142459	-159.116377
mp-7547	BaSe2	0.202261570225	0.265342	0.648616	-10.25106
mp-754710	Sr2CaI6	0.6628288244489999	0.530151	4.264337	-66.489706
mp-7548	BaSe3	0.35560112032900004	0.360693	1.053178	-16.078507
mp-754826	CsScO2	0.387887313636	0.211818	11.86935	-170.070287
mp-755013	Li5TaO5	1.114297693609	0.280541	4.083955	-298.26592
mp-755287	Ca3CdO4	0.337016241961	0.232304	1.800022	-115.457433
mp-755293	Sr4Sb2O	0.22579508204100002	0.276028	0.86891	-19.113781
mp-755309	Li3NbS4	1.959753607744	0.2493	1.997796	-109.626882
mp-755586	NaLaO2	0.440260117441	0.256936	2.520927	-151.254615
mp-755756	Y2TeO2	2.627271424996	0.143909	3.575723	-120.061345
mp-755895	Ba3Zr2O7	0.6733351249	0.429242	2.623961	-160.383801
mp-7566	InPO4	0.36913522922500003	0.312787	2.436575	-138.205205
mp-7569	KAsF6	0.8913833451610002	0.235578	10.423026	-271.534561
mp-757	Li3As	0.28222975000899997	0.238813	0.612448	-24.233826
mp-7572	MgSO4	0.503022796081	0.296702	2.985417	-208.926307
mp-7575	LiZnN	0.10834367233600001	0.051724	0.293516	-18.801717
mp-7581	MoSe2	0.569258178064	0.068498	0.038199	-1.419205
mp-760	FeSe2	4.709876550624999	0.175812	0.532726	-22.072248
mp-760375	Li3VS4	2.1086292605440002	0.244198	1.926846	-111.72382
mp-7604	Mg3NF3	0.38333186304399997	0.183301	2.594874	-181.43942
mp-760400	Na5BiO5	0.368066689225	0.336486	2.111149	-103.285401
mp-760417	Rb4I2O	0.3244099849	0.384918	3.979098	-76.152545
mp-7608	Li2PdO2	0.9916973055999999	0.108206	1.765931	-115.030262
mp-7610	Li2CaSiO4	0.494825019844	0.178536	2.650762	-187.696455
mp-7611	Li2CaGeO4	0.47498561286400004	0.188771	2.381191	-161.879126
mp-7618	Cs3YF6	0.5098831117209999	0.327741	10.613318	-206.97654
mp-7622	KSO4	13.524079800099999	NaN	NaN	NaN
mp-7631	SiC	0.5979232950250001	0.28578	0.42368	-50.021001
mp-7639	Na2CuP	0.310615614241	0.286069	0.792288	-20.572447
mp-7642	K2AgAs	0.40678884000000004	0.356612	1.472055	-24.550313
mp-7643	K2AgSb	0.426786517521	0.38498	1.454381	-20.927679
mp-7650	RbScO2	0.6743431618560001	0.270554	2.702543	-181.833678
mp-766	As2Ru	0.828147320676	0.185624	0.375931	-13.098854
mp-7667	K2S3	0.7284946833610001	0.404128	2.545265	-57.769402
mp-7670	K2Se3	0.962127536161	0.472903	1.535132	-27.594871
mp-768368	K4I2O	0.33266593998399996	0.327209	3.423991	-78.23877
mp-7684	Tl3AsSe3	0.215907986281	1.217434	48.468842	-8.664511
mp-770932	LiSbO3	0.43556436072900007	0.2471	1.79158	-132.907953
mp-772290	LiAgO	0.709824785121	0.380213	0.8936	-56.251222
mp-773137	KCaBi	0.15978567182399997	0.277839	1.141178	-14.124815
mp-7738	LaSeF	0.377030384784	0.208649	1.587535	-50.515546
mp-774907	KLiZnS2	0.254861406244	0.151767	1.675237	-48.774727
mp-7752	Sr3SbN	0.38930486724900004	0.190453	1.135845	-36.972547
mp-776532	HfO2	0.7228859515289999	0.155244	2.579178	-202.926252
mp-7770	Sr(ZnAs)2	0.210988642225	0.186615	0.257369	-6.543316
mp-7773	Na2AsAu	0.133444820601	0.340252	0.474301	-8.946863
mp-7774	Na2SbAu	0.329676930625	0.364245	0.635326	-10.374064
mp-7786	CsCu3S2	0.521250788529	0.226414	1.421824	-17.561868
mp-7801	CaGeN2	0.3068694657639999	0.200644	1.103058	-71.270605
mp-7825	K2GeF6	0.6645494096010001	0.303528	7.25812	-241.03299
mp-7848	AlPO4	0.570259074025	0.128541	2.625975	-216.254675
mp-7849	AlAsO4	0.580365141489	0.133171	2.63876	-177.591446
mp-7863	Rb2Sn2O3	0.46976630602499997	0.290065	23.882931	-168.649623
mp-7886	Cs2RbYF6	0.47057542022499993	0.403694	11.063571	-219.164348
mp-7891	Mg3As2	0.08169421568400001	0.15293	0.358626	-11.129544
mp-7895	Rb2O2	0.6697736496090001	0.121959	3.987079	-139.018029
mp-7896	Cs2O2	0.560623567504	0.128544	3.388269	-107.068123
mp-7903	Cs2ZrF6	3.7189772562250005	0.367589	17.567519	-504.930968
mp-7906	Al2HgS4	0.24747540596099998	0.224206	0.910155	-28.892569
mp-7907	Al2ZnSe4	0.184824327744	0.23824	0.450613	-16.151229
mp-7908	Al2ZnTe4	0.320300534401	0.273827	0.382156	-11.151229
mp-7909	Al2CdTe4	0.200868001489	0.284788	0.344532	-8.804359
mp-7910	Al2HgTe4	0.27201753180900007	0.296337	0.472502	-9.050458
mp-7911	KCuO	0.593160288561	0.445022	2.301922	-63.349678
mp-7914	NaScO2	1.1874221167209997	0.090203	3.478402	-259.289562
mp-7921	MgPdF6	6.383182038015999	0.21921	8.24367	-452.542026
mp-7931	SrP	0.37353121358400004	0.461607	0.891168	-27.193372
mp-7936	LiNbS2	0.530163103129	0.242752	0.248021	-10.268995
mp-7937	NaNbS2	0.5556942116010001	0.266199	0.253465	-6.11037
mp-7938	KNbS2	0.914656966129	0.27578	0.346512	-6.902057
mp-7939	NaNbSe2	0.5178932439039999	0.308652	0.228913	-4.990532
mp-7940	KNbSe2	0.8074585965690001	0.318513	0.298013	-5.375804
mp-7955	Li3Sb	0.27663181776400003	0.261001	0.513939	-17.798444
mp-7956	Na3Sb	0.06392553722499998	0.351308	0.324018	-5.683691
mp-7958	KLaO2	0.864020443729	0.112844	3.791997	-212.216813
mp-7972	RbLaO2	0.707242314529	0.122331	3.439096	-182.909252
mp-7979	K2PdF6	4.214566749481	0.312608	14.169232	-367.269808
mp-7988	Cs2O	0.361378917904	0.104476	1.89604	-63.414856
mp-8000	SrSn(BO3)2	0.673929348624	0.246278	3.615399	-184.876834
mp-8016	AlCuSe2	0.10783014062499999	0.287677	0.155369	-5.951093
mp-8017	AlCuTe2	0.09881277902499999	0.314379	0.099234	-3.197073
mp-8039	AlF3	0.5545572385959999	0.084746	3.836821	-297.106956
mp-804	GaN	0.169061591241	0.083911	0.459394	-40.72633
mp-8041	Rb2S	0.33392680249600004	0.100487	2.440415	-61.111855
mp-8042	ZrGeO4	1.0290661960410001	0.307119	2.609964	-182.721717
mp-8058	YAsO4	0.472258958521	0.341899	2.305517	-146.588359
mp-8062	SiC	0.30480226392100007	0.018398	0.3253	-38.557623
mp-8098	InGaO3	0.19104766809999998	0.295468	1.035118	-69.86737
mp-8127	K2Mg(CO3)2	1.1079983382250003	0.310664	5.268163	-282.982413
mp-8145	RbScO2	0.641245405284	0.102999	2.644329	-172.248268
mp-8147	K2As2Pd	0.47908961856899995	0.447526	1.661072	-22.516104
mp-8161	CaPdF4	1.8760506961000003	0.37897	5.540301	-261.682156
mp-8175	KTlO2	0.295292254464	0.109546	1.352019	-68.814194
mp-8176	RbTlO2	0.270919209001	0.119504	1.309578	-62.512363
mp-8177	HgF2	0.2677752009	0.070048	1.974465	-78.936
mp-8180	LiNO3	4.161338884096	0.247179	9.525436	-572.587374
mp-8187	K2ZnO2	0.36559678531600004	0.35265	3.390745	-124.869591
mp-8188	KScO2	0.818375338881	0.095337	2.979226	-207.304729
mp-8200	AgP2	0.49208401116899997	0.435424	0.059497	-1.190036
mp-8207	Zn(PtO2)3	1.479441640329	0.268304	0.730588	-19.917421
mp-8208	Mg(PtO2)3	1.3124016512010002	0.257242	0.577777	-21.89973
mp-8212	Cd(PtO2)3	1.7590239435239998	0.273039	0.523461	-15.083703
mp-8217	Cs2GeF6	0.6290853362009999	0.333383	7.493483	-178.463088
mp-8224	CaSnF6	0.771514532881	0.198329	5.98464	-274.688819
mp-8235	K2SiP2	0.768141814969	0.369967	1.949875	-52.317776
mp-8248	Rb2TeO3	1.233270217729	0.471359	13.538654	-242.865721
mp-8256	ZnPtF6	2.964206125969	0.227978	5.504402	-243.132989
mp-8257	Na2ZnS2	0.24021663416100003	0.379446	1.829886	-55.756756
mp-8262	K2P3	0.6452041365160001	0.401943	1.893421	-38.400415
mp-8267	KPS3	0.7790780837160001	0.38795	3.408753	-61.963636
mp-827	KN3	1.224849079441	0.241627	6.33291	-192.054484
mp-8276	Sr(ZnP)2	0.462323843136	0.165846	0.49112	-17.653827
mp-8277	Sr(CdP)2	0.09135506250000001	0.176339	0.232312	-7.613725
mp-8278	Ba(MgP)2	0.4964372038889999	0.149778	0.879023	-29.346153
mp-8279	Ba(CdP)2	0.186327765649	0.185467	0.304134	-9.241727
mp-8280	Ba(MgAs)2	0.47957010009999995	0.168669	0.834967	-20.450413
mp-8289	SnF3	0.48785754702399997	0.217222	4.505298	-165.390215
mp-8291	BaTiF6	4.047689300769001	0.232534	14.178629	-582.626818
mp-8298	Sr4P2O	0.292082959809	0.286195	1.603813	-42.289204
mp-8299	Sr4As2O	0.2710680921640001	0.302963	1.73765	-32.436882
mp-830	GaN	0.15660698169599999	0.022003	0.42475	-37.406258
mp-8300	Ba4As2O	0.214037620164	0.359029	1.868922	-23.205789
mp-8311	Si3NiP4	0.48754189056400005	0.213215	0.127884	-4.180137
mp-8335	Ba2ZrO4	0.699685406784	0.227883	2.913543	-165.211716
mp-8361	CsTe	1.0387686400000002	0.477257	2.698481	-28.587694
mp-8399	CsCdF3	0.39865206932099995	0.178088	4.248388	-142.64379
mp-8402	RbMgF3	0.4644695104	0.137425	4.046248	-202.875956
mp-8405	Li3LaSb2	0.260001069409	0.199507	0.395408	-8.962442
mp-8407	Li3LaP2	0.31098244496399996	0.166309	0.595341	-20.661187
mp-8409	KYO2	0.710200594756	0.102414	3.133307	-193.96947
mp-841	Li2O2	1.107682576225	0.205212	4.178614	-298.929506
mp-8411	Na2AgAs	0.22780574409999998	0.332123	0.652414	-12.805461
mp-8426	K2Se	0.31467836544399996	0.09405	2.402115	-49.025587
mp-8430	KLiS	0.338277171456	0.18783	2.060534	-75.009673
mp-8446	K2CuP	0.417773493316	0.31865	1.543653	-32.097471
mp-8452	NaLiS	0.30685173936400006	0.176791	1.978953	-73.044952
mp-8454	KF	0.495558273681	0.039231	5.69283	-220.461526
mp-8455	CsF	0.9471922046440001	0.050443	8.27298	-232.671619
mp-8459	CdSO4	0.43356430393600004	0.349587	3.93258	-151.812742
mp-856	SnO2	0.1726984249	0.144838	1.002339	-64.965906
mp-8579	Ba(AgS)2	0.15002375424099998	0.204481	0.60507	-16.794186
mp-8615	NbBO4	4.638367693969	0.268247	3.69665	-346.058237
mp-861937	Ba2AsAu	0.159303958641	0.175799	0.231383	-3.93752
mp-862631	Ba2SbAu	0.23142257209599998	0.192625	0.275163	-3.848645
mp-862868	PbBr2	1.145623434244	0.317146	5.045931	-86.171742
mp-862871	PbCl2	0.632053620324	0.26743	4.219156	-109.525734
mp-862947	Ba2BiAu	0.17911686128399998	0.208571	0.204221	-2.262972
mp-864954	MgMoN2	0.926315777209	0.192358	0.368354	-23.451903
mp-865185	Mg(BeAs)2	0.30740593136399996	0.134422	0.487091	-18.85579
mp-865427	KSrCO3F	0.607746535561	0.223801	7.433183	-236.42065
mp-865500	Na2Hf2O5	0.45512293838400003	0.285288	3.04057	-170.381514
mp-8658	CsNaSe	0.23651978688900002	0.27297	2.202548	-37.567231
mp-866132	Na2TlSb	0.095528591929	0.173682	0.320992	-2.876506
mp-866141	TiFe2Si	1.1876989138559997	0.087507	0.209415	-10.316406
mp-866291	AgBr	0.172084758561	0.048586	0.874886	-15.058212
mp-867169	Sr2SnHg	0.177942236224	0.179169	0.039485	-0.457302
mp-867193	Sr2BiAu	0.2265379216	0.188064	0.130764	-1.819491
mp-867194	Sr(MgAs)2	0.504564446929	0.160788	0.803116	-22.38728
mp-867203	Sr2CdAs2	0.09209343396099999	0.446017	0.316569	-7.111054
mp-867261	RbSrCO3F	0.561363574564	0.214863	5.217148	-194.132117
mp-867300	Rb2Hf2O5	0.677177576464	0.301837	2.900591	-194.86616
mp-867335	K2SbAu	0.346278110116	0.405741	1.473046	-18.770275
mp-867339	CsK2Bi	0.06905753294400001	0.185443	0.494789	-4.062985
mp-867699	Li4TiS4	1.1215339506250002	0.27132	1.83895	-96.962263
mp-867730	Cs2SnO3	0.3775733809	0.482299	3.806858	-102.299566
mp-8697	ScBO3	1.4187930591609998	0.228063	3.725826	-292.226893
mp-8703	Na3SbSe4	0.47767864644899993	0.358351	1.944071	-35.705569
mp-8724	K2TeO3	1.6273543596840003	0.452246	11.273986	-281.981853
mp-8751	RbLiS	0.31309844070400006	0.203754	1.976999	-66.409845
mp-8752	Na4CdP2	0.18905451841600002	0.276499	0.69837	-19.883118
mp-8753	K4HgP2	0.293451890944	0.308344	1.48293	-30.985667
mp-8756	KLiSe	0.26617654192900003	0.209334	1.791809	-49.689635
mp-8759	Cs2ZrO3	0.860545654336	0.477079	5.184621	-165.349804
mp-8789	Ca4As2O	0.288366852004	0.248135	1.079137	-32.334447
mp-8799	RbNaS	0.271254514041	0.233524	2.369946	-60.606498
mp-8812	Rb2GeF6	0.645053135104	0.335436	7.836679	-206.844625
mp-8818	Ca2ZnN2	1.6936705909210001	0.131372	2.149329	-119.661968
mp-8857	Cs2As2Pd	0.6596266062759999	0.522605	2.612254	-25.415983
mp-886	Ga2O3	0.23394924448899998	0.271485	1.284167	-89.662999
mp-8861	Rb2MgF4	0.483328067524	0.233718	4.930921	-198.510688
mp-8873	LiGeBO4	0.5911287848010001	0.142648	2.161292	-195.28576
mp-8874	LiSiBO4	0.575653003524	0.135895	2.232554	-230.696619
mp-8880	AlP	0.430431781329	0.098058	0.284272	-17.122871
mp-8881	AlAs	0.379783782756	0.112415	0.237849	-11.391092
mp-8882	GaP	0.21124870592400002	0.108652	0.124966	-6.001577
mp-8884	ZnTe	0.08598324644100001	0.149346	0.19018	-4.819749
mp-8891	K2Zr(BO3)2	1.0154794441000001	0.310921	4.057555	-255.283533
mp-8922	Cd(SbO3)2	0.226464629689	0.237631	1.341801	-73.170691
mp-8930	K2GeAs2	1.205806040464	0.45101	2.184316	-39.202243
mp-8931	Rb2SnAs2	0.15816608540100002	0.513446	1.084485	-14.607596
mp-8932	Cs2SiP2	0.6031603699560001	0.436363	1.973475	-39.707621
mp-8934	Cs2SnAs2	0.190193676544	0.539406	1.246625	-15.649001
mp-8978	CsNbN2	0.45076453210000006	0.262211	2.206625	-75.936414
mp-9008	RbTeAu	0.759695276025	0.306009	2.088506	-21.45352
mp-9010	RbAuS	0.43485847584399995	0.275848	3.402693	-40.025352
mp-9062	RbS	0.6358946048999999	0.571047	3.880873	-79.125687
mp-9063	RbSe	0.570864869136	0.676725	3.579221	-53.370768
mp-9064	RbTe	0.459353195536	0.573662	2.615236	-32.814369
mp-9107	NaZrCuS3	0.686662479801	0.467127	1.365594	-44.677218
mp-9124	LiZnAs	0.052916101225	0.06743	0.088394	-2.771017
mp-9126	Sr(SbO3)2	0.40446547257599996	0.239504	2.219594	-123.357062
mp-9143	LiPF6	0.8155697419210001	0.211116	5.837185	-381.511987
mp-9144	LiAsF6	1.2132515815290001	0.221127	6.823051	-384.896703
mp-9166	MgCN2	1.0299205225	0.073244	3.205322	-223.943409
mp-9195	BaCuSeF	0.46980605977600004	0.383397	1.550845	-42.48699
mp-9200	K3AuO	0.34462300611599994	0.225904	2.270468	-52.162777
mp-9205	KSeO2F	1.8268712179239999	0.378619	12.928325	-331.807825
mp-924129	ZrNiSn	0.6330080019240001	0.071752	0.173533	-5.513985
mp-924130	TiNiSn	0.8466097729959999	0.068124	0.206868	-7.378461
mp-9244	LiBC	1.800247443289	0.124587	0.37382	-31.817994
mp-9250	RbLiSe	0.25117638062500003	0.225508	1.788646	-43.955722
mp-9259	Ba2Mg(BO3)2	0.5082321132159999	0.3106	2.965906	-155.31007
mp-9262	Cs2PtF6	2.635174315684	0.348762	15.480498	-262.624554
mp-9268	KSe	0.5599528899999999	0.633158	3.138183	-61.223959
mp-9273	K3Sb2Au3	0.222600901636	0.409473	0.70384	-6.775478
mp-9274	Rb3Sb2Au3	0.31498584769599997	0.456023	1.874082	-11.852889
mp-9295	TaCu3Te4	1.090506098529	0.329318	0.139218	-2.089814
mp-9306	Sr2ZnN2	0.3484092286439999	0.149856	1.441156	-62.835959
mp-9307	Ba2ZnN2	0.9870124452249999	0.178319	2.985524	-104.308782
mp-9317	KZrCuS3	0.8673886075689999	0.468668	1.715243	-55.689376
mp-9321	Ba2HfS4	0.349837943841	0.300589	1.499571	-45.085306
mp-9348	KRb2ScF6	0.5251234197160001	0.344793	7.181392	-224.138025
mp-9361	RbLaS2	0.7016206663840001	0.133753	2.634655	-85.067171
mp-9382	SrZrN2	0.246445723489	0.104743	0.611923	-37.403738
mp-9383	SrHfN2	0.255504975625	0.106026	0.681801	-41.936922
mp-9384	CsAu3S2	0.37616142239999995	0.270421	1.757692	-13.743658
mp-9385	RbAu3Se2	0.28682130024899993	0.291821	1.1315	-9.069059
mp-9386	CsAu3Se2	0.325544419225	0.297286	1.296934	-9.548338
mp-9437	NbFeSb	0.31137627612100005	0.067663	0.218289	-9.550057
mp-9486	K2AlF5	0.608658987556	0.254075	6.920353	-263.432309
mp-9514	Mg(AlC)2	0.3956787409	0.105129	0.791841	-55.769894
mp-9517	SrTiN2	0.34253629075599995	0.226413	0.744781	-46.361183
mp-9562	LiBeAs	0.38660041998399997	0.160863	0.54635	-24.968377
mp-9564	Ca(MgAs)2	0.526504067236	0.154558	0.789047	-25.061766
mp-9565	Ca(MgSb)2	0.40044723048099995	0.167549	0.553755	-15.106963
mp-9566	Sr(MgSb)2	0.408246879364	0.177267	0.612075	-14.516411
mp-9567	Ba(MgSb)2	0.447078112321	0.185676	0.651151	-13.678974
mp-9569	Ca(ZnP)2	0.4637501040640001	0.157638	0.48442	-19.053741
mp-9570	Ca(CdP)2	0.110389398001	0.170835	0.26714	-9.291602
mp-9571	Ca(ZnAs)2	0.249664112896	0.175406	0.285939	-8.233161
mp-9573	NaBeAs	0.538058925625	0.200401	0.776516	-22.894153
mp-9575	LiBeSb	0.553472017849	0.167034	0.320414	-12.665189
mp-9610	Li2CN2	0.809584253361	0.095649	2.607133	-207.514282
mp-961646	TiTeOs	0.170979769009	0.07192	0.165453	-5.249265
mp-961648	KBaP	0.42162685158400004	0.091358	1.617917	-36.072336
mp-961649	ZrFeTe	0.850491572841	0.069102	0.44313	-17.479059
mp-961657	YNiP	0.911253523216	0.069566	0.179617	-5.170553
mp-961659	TiSiPd	1.1693567514240002	0.063479	0.236092	-8.678968
mp-961660	TiFeSe	0.602025465409	0.064176	0.344003	-16.236135
mp-961661	ZrSiPd	0.7866412771840001	0.06722	0.195298	-6.07217
mp-961673	TiFeTe	0.656778955561	0.065736	0.366067	-16.435546
mp-961675	ScNiP	1.7299220202249999	0.063135	0.313688	-11.52472
mp-961678	ScCoTe	0.807129747216	0.069142	0.368587	-12.331024
mp-961682	TiSnPd	0.917513021161	0.073844	0.19826	-5.971342
mp-961683	LiMgP	0.49162674792100003	0.063743	1.067549	-43.639463
mp-961684	LiCaAs	0.581291880625	0.067545	0.999117	-34.084003
mp-961685	NaCaAs	0.179019533449	0.077334	0.662251	-18.314207
mp-961687	ZrSnPd	0.593226524944	0.07788	0.16967	-4.569322
mp-961693	ZrInAu	0.34321084896399995	0.083235	0.070144	-1.599598
mp-961698	LiZnP	0.22628953860099998	0.060998	0.273736	-11.648509
mp-961706	TiSiPt	0.5388675737759999	0.063939	0.215136	-7.78596
mp-961713	ZrSnPt	0.860011407424	0.078024	0.289797	-7.114802
mp-961774	BaNaSb	0.28614368577599997	0.098987	0.895822	-13.003319
mp-9636	CsSbF6	0.894053455936	0.291614	9.881349	-202.947983
mp-9664	K3BP2	0.7538059684	0.491951	3.239264	-74.785302
mp-966800	InP	0.051185895049	0.126067	0.088036	-3.615445
mp-9672	K2NiP2	1.0928256166889998	0.388998	2.188601	-39.044733
mp-9675	Cs3BP2	0.532443117969	0.611043	2.78129	-50.881534
mp-9687	K2PAu	0.312294321889	0.348984	1.637634	-27.123558
mp-971	K2O	0.3894121928409999	0.076592	2.733185	-115.296108
mp-9718	Rb3BAs2	0.431897381721	0.605707	2.599862	-38.957561
mp-9720	Rb3BP2	0.5349971592249999	0.557897	2.834797	-56.874145
mp-972937	ScAlCO	0.6031727961640001	0.200984	0.798052	-57.496198
mp-9731	RbAuSe	0.39185346432400003	0.326968	2.793854	-29.842673
mp-973185	ScAgO2	0.691583508225	0.097055	1.325363	-91.131615
mp-9732	BaNaP	0.32648310376899997	0.367196	1.005598	-29.306166
mp-974381	Rh2S3	1.360132065009	0.287866	0.107148	-3.636194
mp-974603	HgF2	0.9063706412249999	0.223964	4.048686	-119.902433
mp-975115	RbTcO4	2.5049171322489996	0.439359	9.809317	-219.333422
mp-975140	RbZn4P3	0.29790528124900006	0.32907	0.739752	-19.780683
mp-9755	HfGeO4	0.46520857184399994	0.311865	1.920877	-129.661094
mp-976280	LiBr	0.393637034025	0.131898	1.888143	-88.303614
mp-976876	K2PtC2	0.31478944572100004	0.151912	1.570694	-28.158182
mp-9774	Ba4Sb2O	0.178423449604	0.332996	0.780008	-13.381265
mp-9775	NaSrAs	0.10740826382400001	0.372347	0.602619	-12.899429
mp-9778	K2AgP	0.397884669961	0.33483	1.538542	-31.083728
mp-9780	RbHfAgTe3	0.8470772554239999	0.638743	1.448138	-20.818822
mp-978846	SnI2	0.777396653401	0.324559	2.523644	-40.339307
mp-978847	SrGaGeH	0.391909804729	0.101342	0.128648	-5.235222
mp-979137	SrGaSiH	0.4054072646559999	0.094522	0.200829	-9.832177
mp-9794	Rb2GeSe3	0.991468275625	0.641936	5.297844	-63.965513
mp-980057	SrAlGeH	0.346182787129	0.095887	0.254457	-10.577788
mp-981	SrF2	0.509519005636	0.065125	4.509311	-213.645011
mp-9812	ZnCO3	0.6937840459690001	0.241109	3.361844	-178.059123
mp-9821	RbSbF6	0.8736416573439999	0.279675	9.830688	-220.108488
mp-983565	CuBSe2	0.44430356672099997	0.251859	0.110781	-5.134938
mp-9839	K2LiAlF6	0.561487955625	0.307813	5.190589	-276.618239
mp-9844	BaAl2B2O7	0.5385211456000001	0.340492	4.016852	-191.688198
mp-9845	RbCaAs	0.222597127204	0.258975	1.621581	-24.161211
mp-9846	RbCaSb	0.23036448136899998	0.281522	1.510193	-19.849751
mp-984761	CsRb2Sb	0.12554974889999998	0.197112	1.253828	-12.218795
mp-9855	KHfCuS3	0.6996101263290001	0.47758	1.794694	-54.585185
mp-985586	Na3BrO	0.2930598225	0.168173	3.007831	-88.613833
mp-9856	Cs2ZrSe3	0.846219689604	0.647393	4.054173	-62.68882
mp-9881	KAuSe	0.371687754244	0.301199	2.244301	-31.481428
mp-989400	Rb2NaGaF6	0.518165306569	0.359304	5.450014	-200.599104
mp-989405	Cs2LiInBr6	0.31633650384399997	0.605603	3.515541	-72.474443
mp-989407	YWN3	1.931152136281	0.277798	1.715248	-121.162724
mp-989513	SrWN3	0.975245127025	0.286569	1.369316	-82.143706
mp-989514	Cs2NaSbCl6	0.562789537249	0.464496	5.90746	-113.080443
mp-989520	Rb2NaBiCl6	0.580625712144	0.335839	12.793791	-146.499184
mp-989522	Mg6Bi2PN	0.026067394115999995	0.325903	0.035081	-0.788069
mp-989523	Rb2NaAsF6	1.2921960155040002	0.439841	8.225805	-325.170838
mp-989526	Cs2KTlF6	0.7580523182440001	0.406857	10.111389	-224.669058
mp-989527	Cs2NaNF6	1.5452677757439999	0.332282	16.475076	-541.174597
mp-989529	KRb2InCl6	0.48148194432099994	0.305263	13.693223	-146.333154
mp-989531	Cs2KGaF6	0.47550678490000003	0.390635	5.607694	-171.147695
mp-989532	Rb2TlInF6	0.636685901476	0.501267	12.274527	-224.0459
mp-989535	Cs2AlInH6	0.5567831000410001	0.28049	1.110502	-95.635169
mp-989536	Cs2LiNF6	1.8648551664089998	0.301966	15.351303	-522.569661
mp-989537	Cs2TlInF6	0.733188037696	0.408616	8.71422	-196.650432
mp-989538	Cs2InBiF6	0.588850577956	0.41863	5.020298	-158.232265
mp-989539	Rb2AlTlH6	0.41425828964100003	0.287227	1.120032	-101.720173
mp-989541	Rb2NaSbF6	1.4281899147609998	0.38829	12.369743	-337.980753
mp-989545	Rb2NaSbCl6	0.5583153120250001	0.451997	10.338273	-137.048885
mp-989547	Rb2NaInCl6	0.41715193212900004	0.444402	7.179988	-113.363207
mp-989548	Rb2NaTlF6	0.696537129744	0.368308	8.798553	-233.454099
mp-989558	Cs2TlGaF6	1.021081956196	0.473256	7.968033	-226.011106
mp-989561	NaTl2GaF6	0.5238661737960001	0.411202	5.753814	-168.947387
mp-989562	Cs2LiTlF6	0.809719224336	0.385845	6.03716	-242.01756
mp-989563	Rb2NaTlCl6	0.39477345610000003	0.50164	7.675996	-106.478179
mp-989565	Rb2TlGaF6	0.7126145472250001	0.372886	8.960276	-225.890216
mp-989566	Rb2InGaF6	0.6418108791610001	0.358309	7.215326	-198.846224
mp-989567	Cs2RbTlF6	0.696638953201	0.499266	12.153732	-223.453237
mp-989570	Cs2CaSnCl6	0.575144774689	0.5064	7.211506	-129.61393
mp-989571	Cs2NaInCl6	0.42324783062500004	0.545347	5.001086	-96.020173
mp-989575	Cs2AlTlH6	0.552804146064	0.287447	1.290274	-108.522659
mp-989579	Rb2LiTlCl6	0.4090753681	0.44068	4.697	-107.776075
mp-989583	Rb2LiInCl6	0.48116280828100005	0.406421	5.07275	-128.072372
mp-989605	Cs2RbInF6	0.5011478947240001	0.404617	9.213766	-193.328445
mp-989608	Cs2NaAsCl6	0.5277978910089999	0.516182	4.263422	-106.983985
mp-989610	Cs2NaInH6	0.34339014002500007	0.275571	1.318702	-119.260635
mp-989616	CaWN3	1.3685490225	0.276222	1.380705	-85.302109
mp-989618	Cs2RbGaF6	0.448034777316	0.499254	6.476773	-170.514192
mp-989629	CsRb2GaF6	0.47180825568900003	0.335926	11.626809	-221.200807
mp-989638	CaTcN3	0.7539309972639999	0.258517	0.506692	-20.455239
mp-989639	Cs2KInF6	0.5369035111689999	0.368975	7.760571	-193.833791
mp-989642	Cs2NaAlH6	0.377660640681	0.252918	1.510026	-125.36851
mp-989643	LaCoN3	2.1771887809	0.288544	1.216053	-42.167371
mp-9900	Ag2GeS3	0.10363441792900001	0.520594	0.277228	-7.269872
mp-9915	LiBeP	0.37162800976899996	0.14451	0.578886	-30.814823
mp-991652	VCu3Te4	1.547926640649	0.313604	0.295488	-3.687697
mp-991676	NbCu3Te4	1.0328209732840001	0.320918	0.136163	-2.006518
mp-996941	Cs2RbInBr6	0.38300502787600005	0.530408	11.481516	-85.441296
mp-996943	Cs2NaInBr6	0.30480778483599996	0.504972	4.462644	-59.732958
mp-996944	Cs2TlInBr6	0.284091132004	0.600418	5.415719	-51.821811
mp-996962	LiAgO2	0.8582503107239999	0.203699	1.309055	-64.461544
mp-996983	AgAuO2	2.3469228890890004	0.262484	1.189544	-27.503183
mp-996997	LiAgO2	0.581496228481	0.204298	1.020828	-52.285746
mp-997002	KAuO2	1.3437423216010003	0.258665	4.645946	-148.098514
mp-997041	NaCuO2	1.050360566641	0.225334	2.469274	-101.311832
mp-997089	NaAuO2	0.790436574225	0.095374	1.824007	-84.635449
mp-997618	BSb	0.376253426025	0.021801	0.044173	-3.348098
mp-998156	RbSnCl3	0.671047680625	0.311641	5.562401	-105.250567
mp-998198	RbCaBr3	0.353769196225	0.314289	8.944483	-97.509383
mp-998297	CsSrBr3	0.356334975844	0.277718	9.428329	-86.768768
mp-998433	CsSrBr3	0.33480573337600006	0.580986	3.721544	-60.235653
mp-998552	BaHfO3	0.9485201664	0.145734	3.367466	-220.419694
mp-998599	KCaBr3	0.348032743249	0.50501	3.263596	-71.688514
mp-9986	CsAuO	0.33303171392099995	0.579756	2.573673	-42.077426
mp-998603	RbPbBr3	0.5575728372640001	0.602337	5.070673	-77.967069
mp-998604	RbPbCl3	0.6412790384010001	0.527789	5.550899	-118.763277
mp-999498	N2	2.5618659398890005	0.054776	0.370891	-35.312639
mp-999549	WN2	0.594576703744	0.041228	0.002346	-0.17542
