Name	mass	eps_ionic	eps_static	volume
mp-1000	0.6217	6.311555304676414	12.773453841404539	84.0743546603
mp-1002124	0.7984	24.137742711424348	32.96559329678219	31.2332448856
mp-1002164	0.5924	8.111020881077835	11.169464314194972	23.8031409075
mp-10044	0.5711	10.032167864916383	10.128936155960778	27.1123214492
mp-1008223	0.5488	3.9792006781338127	6.394042651457421	68.6599183215
mp-1008506	0.6808	18.22838803221069	23.362994047357507	79.9809816704
mp-1008556	0.5007	5.189261297578154	9.31904146295098	43.6980742036
mp-1008559	0.5894	9.326162586788504	9.466799526290872	46.1947697898
mp-10086	0.6384	5.981005653242649	15.66687448658128	94.4423122395
mp-1008680	0.7575	19.183229267187485	23.997045540371246	51.8528951833
mp-1008786	0.4729	9.136444248134904	23.20621949331387	51.5450493454
mp-1009082	0.2207	15.70656840963636	18.193198034778796	220.495975595
mp-1009084	0.5726	14.133937144669186	16.015995660006098	175.450951935
mp-1009085	0.5922	9.725563218954242	10.836914801672753	131.815571075
mp-1009087	0.598	10.97551507529513	11.895113389361287	149.955768789
mp-1009088	0.5452	13.200290909654331	14.294543720562368	156.686712782
mp-1009127	0.5242	3.7494171901126077	83.19721563564346	18.2566544807
mp-1009129	0.552	3.4586848220154995	13.323834457422654	19.4659993157
mp-1009220	0.7263	3.4954096377045403	18.558188550638903	25.3965034293
mp-1009733	0.6077	14.029135215494927	21.963121702916588	89.061666852
mp-1009750	1.0266	6.707762463482236	13.208104693346499	28.3526448248
mp-1009792	0.9648	37.59070401112085	54.02173484887768	22.9742290803
mp-1009813	0.4083	24.525736098834564	24.798632899204737	53.9907994386
mp-1009819	0.9917	4.5252160201196805	70.71283710372882	29.1454556971
mp-1009820	0.2778	12.089474267304322	15.969080835910473	32.0765160044
mp-1011695	0.5685	3.68170987688671	6.795583598408308	142.187424036
mp-1014244	1.4201	8.935347377738477	32.09168991334524	48.2777315124
mp-10159	0.3416	7.643536630519399	18.99223567017201	147.608628088
mp-10163	0.5303	7.99494108071267	15.427855592154055	223.900469732
mp-10167	0.8693	5.100563251431977	13.910402176913033	179.944843478
mp-1018040	0.4309	4.753278240681433	7.307609357023586	104.670974202
mp-1018096	0.7526	5.431234850160834	167.2811841365638	89.9684328065
mp-1018100	0.4249	11.800543218266002	13.09626541747825	116.647044123
mp-10182	0.5762	10.545504010109443	15.858015709786082	45.5166132097
mp-1020019	0.7704	2.999819015028144	6.49616528698696	114.305407477
mp-1020059	0.5494	5.2261729862871285	9.66643256826865	133.00684314
mp-10219	0.7269	3.4321065129495194	14.229927574276664	78.606268775
mp-1022	0.594	3.162487901453954	6.162422592880103	98.6664321834
mp-10223	1.0267	6.464905158696169	11.32483173399213	197.363841665
mp-10226	0.7695	5.388332280804338	13.00098428159363	88.3668467583
mp-10246	0.9294	6.1319586233683	11.193015081747768	198.673276382
mp-10250	0.7588	2.665381384040416	14.770475588026212	62.2358686838
mp-10281	0.4111	6.1239505653966	8.994021271804227	153.611270597
mp-10289	0.7218	16.62733218103429	24.46273447939653	103.644494098
mp-1029	0.6948	2.3975901031723645	8.170428075296527	58.2404389905
mp-10322	0.6381	7.435397977330667	29.529916744995237	140.494785616
mp-10341	0.6874	3.53743001734184	9.765850740711931	121.993411246
mp-10378	0.3982	8.16336502296241	21.92430853693818	183.716443959
mp-10408	0.8456	2.7449451451777676	6.877145644086049	88.0046978549
mp-10417	0.83	3.875651267004376	9.673994042915742	148.583385057
mp-10418	1.1649	3.674932393457977	9.100405604217341	166.129498141
mp-10485	0.6413	10.669573931490335	23.42316183430171	184.940045511
mp-10492	0.729	1.945891731228451	5.516173504019289	149.053525993
mp-10547	0.6535	3.9692562708947565	7.057315974825275	282.392766232
mp-10550	0.4404	6.110422868122599	17.981504002296344	71.1552205319
mp-10572	0.9482	4.035244259949656	9.559212937940028	86.5068166902
mp-10614	0.9661	8.141062246440976	18.67409363873267	65.3851172044
mp-10615	0.4672	9.096959912643786	21.469888714974427	73.5908035927
mp-10616	0.4083	9.507820039539148	20.758797580836127	78.8599348818
mp-10627	0.8777	5.965517056861269	25.771366956162247	46.7916683571
mp-10653	0.5989	7.910118252038935	25.834709049736556	64.6732686105
mp-10680	0.9041	7.254262514250168	28.689462757244932	60.4905238428
mp-10694	3.3089	2.243400631416761	8.270348822053492	64.8228323964
mp-10695	0.4087	6.184230819618097	9.10918714713613	38.3919416549
mp-1070	0.2322	7.998329004693289	11.246883218471618	112.607588378
mp-10748	1.221	6.539901296966635	6.7901482152877835	159.970269539
mp-10760	0.5401	6.756853926468502	17.66248585756485	40.487559541
mp-10776	0.7309	6.092997057391889	11.570217644084321	278.347366218
mp-1087	0.6625	4.853013561401057	11.467281359831654	53.1517306532
mp-10918	0.6923	4.926881266676835	9.76708823945853	129.099796664
mp-10919	0.6016	6.2177606067546325	10.753725682283642	128.429239237
mp-10955	0.1278	283.89054539367794	322.24505461990947	193.624329327
mp-10969	0.84	4.359089983643431	11.262749004910193	52.1101174031
mp-11019	0.6907	6.0433408987474095	10.39729620395738	87.0746770614
mp-11020	0.5825	6.312640069432834	11.304756314767836	95.2236134717
mp-11022	0.8314	6.073483165087526	12.927393892875124	108.056760342
mp-1105	0.7711	3.648301520502134	15.487444348315156	48.6286838602
mp-1106	0.4421	15.388730544552894	27.89538791698132	383.752492037
mp-11123	0.4659	6.469372283715401	14.191664397187706	364.807102127
mp-11175	1.1641	5.071496008100161	7.803934752128857	145.572097033
mp-11265	0.4701	18.209592672615347	30.667271943806533	440.258752224
mp-11327	0.5542	3.407947500751454	6.171960341356528	125.604095796
mp-1138	0.9442	2.082878952990456	9.31066561370822	16.0176368647
mp-1143	0.621	3.236264812160211	9.917381292968232	85.3116164402
mp-11520	1.012	18.68680743447852	21.563089802094904	61.6995897151
mp-1153	0.633	3.9667437972486277	7.454393044083202	45.2113331767
mp-11583	0.6635	9.710138195057585	22.29511794057881	142.333934102
mp-11659	1.8117	4.098935238497612	17.87964156952945	119.121413021
mp-11674	0.4326	6.325904886583746	9.66582243201796	245.45971081
mp-11695	0.9896	6.474903273381294	10.552900321893373	217.707609559
mp-11703	0.7206	5.689565093183572	11.612535199692237	229.178930056
mp-11713	0.6063	7.7645526478728675	11.355712678357133	103.425305597
mp-11714	0.5942	7.232370716655267	10.622574192116545	82.7228745206
mp-11715	0.8506	3.428956128612204	8.651371076428996	96.3496943077
mp-11718	0.6821	2.1421740992413083	7.0054437639514475	44.0846465159
mp-11719	0.5214	4.693151242678681	8.337025463106398	232.532052161
mp-11739	0.7788	6.401083700258007	12.559141634602502	150.439609401
mp-11824	0.7053	8.47457495851412	43.79229672033174	101.255623375
mp-11869	0.7546	19.285824189134	23.328758994891277	62.2119002583
mp-1190	0.3023	7.902823903808483	10.80267320506392	44.6674800856
mp-11917	1.0652	4.688992433395964	11.912870957701891	37.9521785134
mp-11918	0.7331	5.308231671801926	14.890816811663347	103.099781215
mp-11919	0.6635	5.1688291614610975	12.720377285891349	116.439267069
mp-12016	1.0247	3.5174510881006533	7.632791917829542	350.243427068
mp-12317	0.7651	3.1530024245787787	7.680204076480528	67.4251158478
mp-12418	0.4958	15.031564983148701	27.499791273736406	355.415721442
mp-12427	1.795	4.548560881534602	28.052867954454985	121.229121145
mp-1243	0.477	4.473238691318289	14.995719526582523	96.9437089164
mp-12444	0.5642	5.4289606814480775	12.838669020430777	129.739502463
mp-1249	0.7258	2.036596129325905	5.429680418170794	65.7855121131
mp-12509	0.871	9.317607956681792	19.67275361097666	127.994490554
mp-1253	0.6512	5.545276120320345	13.669749831328735	70.6353511957
mp-12532	0.4769	6.328449587462689	10.488472846842019	175.186817165
mp-12535	1.0007	5.0091819874073895	8.896466435218215	346.198304843
mp-12558	0.5538	8.185733983935142	12.80227446474276	58.2010548336
mp-12622	1.3613	2.8319058657988614	6.324070208811379	178.838683731
mp-12623	1.3094	2.8049934998332082	6.565368401575113	204.694018021
mp-1265	0.5865	3.2333463183961486	10.423903937532337	18.7045854411
mp-1266	0.474	3.991338231596864	7.29768715403096	77.6923918448
mp-12779	0.241	8.677158607388424	11.367312125297607	136.955879387
mp-12814	0.5707	11.782742838365605	37.8217340638359	320.530543989
mp-1287	0.8118	3.213108459933364	5.794110981370745	353.931284188
mp-12885	1.1284	3.5099485267952693	9.00288827842481	205.760748701
mp-12894	0.8108	5.215759230990461	13.653963590532056	80.028719325
mp-12903	0.5659	12.048169874062301	18.98740813824376	225.688263646
mp-12908	0.6669	14.44548973104765	27.70139605548905	83.0664378442
mp-12927	0.6639	5.690188562913947	14.462349556595717	132.328072002
mp-12954	0.6828	8.715891641531389	9.760942127553161	110.019782161
mp-13031	0.4283	4.773944547829019	7.258907764143209	52.3401163538
mp-13032	0.499	4.157364551190687	6.711748702856993	45.1550784515
mp-13033	0.4041	5.623934801436312	7.952595751492455	66.7617516527
mp-13056	0.8907	4.704615828782752	45.0081837146556	158.62293362
mp-13097	0.2256	10.116006758945556	17.72520239946985	119.668999785
mp-13099	0.5639	6.694891773577759	12.129865240796917	35.6915035983
mp-13109	0.7966	4.389569279357023	34.2356045333991	134.192309073
mp-13133	1.358	3.316111915105252	13.094842793803284	186.984359824
mp-1315	0.5896	5.562950623890684	14.938912161793393	34.815291185
mp-13275	0.4469	7.901059192030097	17.754708542142453	222.314273878
mp-13276	0.7357	8.187458925326238	21.353752418466446	129.014004418
mp-13277	0.6738	9.182214139952068	27.932099851869843	148.88577137
mp-1330	0.6311	5.102944130335218	17.427021180559105	16.534210544
mp-13356	0.6917	3.993741877229081	17.303334520030383	157.800426444
mp-1340	0.3546	8.475830531214479	12.196595804960824	243.570403322
mp-1342	0.7123	4.325229893661405	83.37586410157637	41.7859991799
mp-13445	0.6801	8.081578080352756	12.728009700734539	298.0995275
mp-1345	0.7012	8.20531094281365	12.625970984947367	279.263144576
mp-13548	0.8534	7.4738690740327245	25.76920093498869	210.179788922
mp-13610	0.8053	3.0068928654987173	7.700906028012705	113.89385181
mp-13660	0.4855	10.193559033807928	28.217659936566303	173.378022115
mp-1367	0.5049	17.3968240663001	25.355438409387922	63.2813539123
mp-13676	0.5581	4.064894775501476	17.647996593864594	157.970933442
mp-13800	0.8416	2.5033432707436547	8.859028560436139	181.407101027
mp-13868	1.5336	5.175603859534496	5.804858967686721	127.205911128
mp-13898	0.7409	2.3938116829727245	7.716694104247922	174.653966451
mp-13900	0.5333	6.356531933282457	14.479877538042793	142.725045967
mp-13903	0.7374	2.411694080088894	6.35110295880446	109.257482857
mp-13907	0.7291	2.3331750928010377	5.839292755835758	124.940186908
mp-13925	0.6705	2.3423472713060227	9.408584590825987	182.13343933
mp-1394	0.5815	3.570133525147807	10.159869171281583	74.8538106878
mp-13948	0.7231	2.334922896293469	8.828979372565298	172.897209121
mp-13949	0.3324	10.883431532503241	13.624239801049374	220.092983143
mp-13983	2.6067	3.9648197212124603	6.799678177665526	97.5663822705
mp-13984	2.2662	3.449885398273344	6.053650627039379	109.240063452
mp-13992	1.2813	6.15867396188581	9.798694938755991	237.328696633
mp-14017	0.3334	7.402444581043671	12.809622099656803	334.446001375
mp-14037	0.9324	3.3125582519101635	18.499846523455282	151.801292856
mp-14038	1.3702	2.431159083269053	6.523822150049453	151.886678654
mp-14088	1.5825	2.3213784117483955	5.8527736395181655	156.867489586
mp-14091	0.3444	7.540559883409654	9.688030376640564	192.370606793
mp-14092	0.3173	9.312596576114291	11.021174333320674	239.472773504
mp-14116	0.9508	12.118941399495192	13.442860507626852	46.0527347287
mp-1413	0.8639	19.210978700611975	31.411522040352637	85.7531459905
mp-1415	0.6457	5.844476776797903	11.981422299650438	50.4754810006
mp-14175	1.5051	2.811161189192242	13.53773293000527	178.949667996
mp-14205	0.6268	8.427989712049639	13.175132056030126	189.322092618
mp-14206	0.5499	8.857808148603155	14.444243669231852	214.243284381
mp-14285	1.2475	23.171723898310518	33.31590990218828	151.612978327
mp-14333	1.2857	3.860843507750562	11.15915748908897	140.616434872
mp-14398	0.8565	3.343788935006657	9.166008956472451	110.010262813
mp-14437	0.7818	3.75105937085879	15.065776778380112	66.7845256748
mp-14588	0.9003	7.299144424705483	12.720712501229537	222.958242857
mp-1479	0.5897	9.443706593449138	9.569636681486267	23.1005035053
mp-1500	0.6714	5.038900877725683	14.540452637169862	63.8887471381
mp-15157	0.6727	2.3720019731390836	9.924074546699208	146.399801456
mp-1519	0.617	6.875033030958107	12.467773635777137	62.2527481284
mp-1522	2.0451	20.59980532868699	27.482585514905207	77.8248388663
mp-15349	0.7221	3.0633255462176	6.762876072297226	127.090632661
mp-1541	0.6024	6.116549742459668	7.733805401325031	33.7600743808
mp-1550	0.5798	8.422233583253828	10.580301109945136	40.894762125
mp-15556	0.7894	5.9467036387078185	8.87226500451065	345.135629582
mp-1565	1.0956	5.81379424064347	40.91884584360535	32.4275254203
mp-15668	0.4672	6.85365835458435	10.184287018588066	198.100544128
mp-15684	0.6533	6.71094626465123	11.509679168043162	215.948062252
mp-15685	0.5619	9.87427199103521	15.515432162298927	163.824512933
mp-1569	0.5611	7.040042384196263	14.568041553311842	20.1061196788
mp-15703	0.6245	4.773919347605144	7.113953477848387	48.7468588468
mp-15704	0.6005	4.57877142599894	8.517429572993297	66.5843433756
mp-15724	0.2869	9.88874512379863	19.01335697298074	113.528458865
mp-15776	0.3564	8.203037593528183	11.184702963571777	164.71118139
mp-15777	0.5715	11.41358482328314	14.020811774031097	207.438158454
mp-15781	0.8506	4.821523419140292	12.131059825441321	112.568162106
mp-15788	0.6972	6.214629650589695	17.792513903718735	78.454895309
mp-15794	0.6753	7.244366727342518	18.55493565249254	88.9294919678
mp-15896	0.2404	12.944955103498392	14.726997247261089	242.897509091
mp-1591	0.6092	8.44033715977647	17.47561453184543	80.4235150375
mp-15951	0.8122	1.8291782520177642	3.486540920945188	101.746143933
mp-1598	0.2762	8.882094278343164	15.660435616926351	184.373478873
mp-15988	0.7107	23.12625417427318	31.808034290564578	60.8996484721
mp-15999	0.6095	5.759314139571001	9.761979300804134	199.307568956
mp-160	1.1506	9.45736302886363	9.574135030416626	86.0559729854
mp-16236	0.3364	6.575071792436535	13.531834625475815	150.433459234
mp-16264	0.7547	10.605611097814776	18.09292116328442	284.988797463
mp-16337	0.2852	13.415002227480192	16.993513451021325	219.553551946
mp-1634	0.7343	12.665083502844958	13.024270319647657	121.432922143
mp-1639	0.6363	4.5718060727053755	6.822288808032001	11.739795488
mp-16577	4.7185	2.3310185731988087	8.20687565149758	135.281679048
mp-1672	0.6656	5.21866194247133	11.664577716043006	44.6426110858
mp-16742	0.499	6.374359584357601	13.655303152951502	192.019633274
mp-16763	0.7421	6.967878340696104	13.097434791921485	137.077911548
mp-16764	0.7384	6.738999118200037	12.548117715954444	287.325674633
mp-1700	0.6089	4.613090418923567	8.373570635344459	20.9624651095
mp-1747	0.5404	3.5364697883134384	6.074098894987726	132.404807763
mp-1778	0.6935	3.1261919808058187	7.0048411902016285	13.6790109319
mp-1784	0.6329	2.424521945188612	10.020078812766378	52.6457653526
mp-1794	0.6965	3.6903873826642473	312.06444501600066	11.8199719467
mp-181	0.5223	46.24776538574183	53.03470651624258	283.639570835
mp-1873	0.6565	2.5995294547115027	8.024630988507454	69.2694966826
mp-1922	0.5307	19.195430764717635	25.50986431426096	207.215576638
mp-1958	0.6125	6.2098332900542434	11.492779286962095	72.0753239616
mp-1960	0.721	2.9309275092511418	7.409773394954446	23.9686339826
mp-1968	1.1556	4.866584247515704	26.58566084796298	79.5779998899
mp-19717	0.3584	29.344529514088272	178.48350018259865	66.9134999398
mp-19734	0.9002	2.4355134181590374	6.1429349205845245	114.270135572
mp-19765	0.2345	16.014019870909316	20.089558549526846	241.214655444
mp-19795	0.5083	10.472911064301854	18.894416298137887	184.710867915
mp-19833	0.2403	18.19273416430376	21.861133959587406	191.118320158
mp-19851	0.5074	8.128931681815695	12.077422712087333	266.205507136
mp-1986	0.3542	6.81214947010009	12.106293503476309	23.447440732
mp-20015	0.5938	4.542490476248727	17.569078367531265	114.501910966
mp-20027	1.1303	22.281867832375635	37.029940439544	73.665921757
mp-20072	0.9094	4.97704549208982	12.340902759623182	70.5681813291
mp-2008	1.2606	28.942186165130376	47.068901107795234	87.9537047025
mp-20098	0.6511	5.177195132759846	31.276143254544696	123.375715994
mp-20187	0.4509	6.104400096973401	9.006657478858958	206.6840765
mp-20256	0.3969	6.730304125985786	13.426463110145905	370.345523053
mp-20282	1.0891	3.0146478521891664	15.563997581779773	218.446987121
mp-20289	0.6466	6.113872219887045	14.603776459291435	83.0495626789
mp-2030	0.5791	16.555561495165207	20.94974066342641	173.902142558
mp-20329	0.5476	5.725243366672901	9.096829225114508	117.33412039
mp-20351	0.2094	16.733806187554674	19.782793984764954	50.865381793
mp-20459	1.1348	7.100573942281999	63.739500853585035	62.835551486
mp-2064	0.6477	2.387780969998948	11.778168403133911	37.8509522377
mp-2068	4.4513	8.438169643519863	9.345483143624513	93.4992792609
mp-2072	0.5595	5.655188716396704	8.078248970623845	319.826620067
mp-20731	0.2594	12.278623604056296	17.10662418124512	197.439627579
mp-2074	0.6174	10.506524704457906	22.175283636171137	68.3137867649
mp-20782	0.4361	7.408131663781202	10.06171180707283	259.499068331
mp-2079	0.7808	4.831722839677379	7.831000447178913	310.100142874
mp-20790	0.5858	6.008837577682439	9.551229374208706	143.303051798
mp-20832	0.2918	11.533407816045253	14.510457370144422	229.525269208
mp-21166	0.4193	17.580900868609287	27.399023418522983	415.92523733
mp-21228	0.4944	5.8972032056638986	12.845475220036707	140.287337803
mp-21276	0.3374	17.201487131447095	134.57389557297785	51.4442386465
mp-2133	0.3766	5.288987841644012	10.350906754051776	46.9493559206
mp-21374	0.2883	11.316799702059924	14.360560175968804	241.79902517
mp-21510	0.326	8.124608877292655	14.031965756750909	345.791931427
mp-21511	0.3969	6.799174124228399	12.883990605779346	322.189088134
mp-2172	0.5766	9.810302491987372	11.796354176826581	45.6764927096
mp-2175	0.5417	4.729543049754448	59.49101241749528	42.1468546205
mp-2176	0.2867	9.642290870591426	12.089372376149768	55.8632626624
mp-21855	1.2313	8.938126193033455	9.408025014375104	166.896501804
mp-22003	1.2349	2.2700336095301408	4.793313072597769	58.4550027265
mp-2201	0.3072	21.718442960798114	142.42993011980678	56.8129548363
mp-22255	0.5267	7.467511301480667	10.772229541745027	282.525704422
mp-2229	0.4343	5.435627815750301	27.129819834360507	19.320086296
mp-223	0.6373	3.2093476464691175	6.423681144395991	122.445559789
mp-22304	0.3128	8.661626520087363	12.060712309497594	197.425806023
mp-22313	0.9808	4.422850196974396	8.703500962574916	67.7095209272
mp-22323	0.3869	5.178256271828114	13.138575160220878	127.854715111
mp-22450	0.5791	5.569987872540336	30.225174337344374	128.773978704
mp-22473	0.5933	7.872811999202351	17.413956975047675	95.2405308271
mp-22483	0.4569	10.282620723748305	20.403816661630135	240.891837191
mp-22607	0.313	8.802861993474417	12.14787160738522	185.434117648
mp-22660	0.5477	5.754082292052159	9.130910693818462	58.6628239701
mp-22851	0.5981	2.7965319501303996	15.262547563417348	40.9608093271
mp-2286	0.6141	4.418542777015416	7.850833483002932	52.5294263691
mp-22862	0.623	2.572570789547936	6.029310833024933	43.9893709297
mp-22865	0.8916	2.9828573198425374	8.425112527672086	67.2101151362
mp-22867	0.603	2.5882012719326095	5.319986819604235	80.1575666811
mp-22875	0.4203	6.59342650847624	47.54097425477558	59.935874752
mp-22888	0.8968	3.3177089689047925	7.487571176931267	191.185381498
mp-22894	0.3929	5.478750203987239	6.987690573504104	134.772483459
mp-22895	0.374	6.982684419710659	8.110940131328599	52.6387024555
mp-22898	0.5638	2.9560136244876207	5.473585605407091	85.9894007753
mp-22899	0.7504	4.349079025250492	13.894419903439	51.4642462836
mp-22901	0.5263	3.3967382188967576	9.299883695499478	75.5514770104
mp-22903	0.5674	2.870732105964849	5.331777266595464	97.0296318272
mp-22905	0.679	3.0734373566748823	11.558745206900896	32.4503531096
mp-22906	0.5414	3.1941967281587633	7.997330023394671	76.2219995742
mp-22909	0.6682	2.9982361626228347	5.143952000985738	155.316028723
mp-22913	0.3318	10.198978320822713	12.762040734741463	43.5310018982
mp-22914	0.4468	6.428782310491044	8.998857426624937	36.9837806727
mp-22916	0.5537	2.9447480208974235	6.567573972694916	52.0891473129
mp-22919	0.5136	8.301917472652953	18.10916742207099	53.7990556537
mp-22922	0.5034	5.517742314782854	12.308099345346623	40.4202118667
mp-22925	0.3908	5.681014814013004	7.321002443852264	67.3786875326
mp-22934	1.0193	2.819023718507695	5.427424530373788	199.735477663
mp-22935	1.1684	2.907880151876553	8.862294326873219	179.050193219
mp-22936	0.7832	4.742788265414453	13.269711479174502	73.7308349817
mp-22937	0.5142	3.5659984923213854	7.804198803569571	170.036261937
mp-22951	0.6918	3.877549833933712	9.63527865354237	167.900043227
mp-22956	1.0987	2.8094129739349665	5.2454773338690295	199.84562608
mp-22957	0.7462	2.9917733314942505	8.811087283613878	115.193335124
mp-22984	0.6372	5.781018867193995	17.135979383798063	121.165345992
mp-22988	1.0399	5.134165423470547	18.047527382293314	148.687387133
mp-22990	1.0365	3.4512621691032965	8.382692309673306	137.47604153
mp-23004	0.6001	2.8294759064654116	8.452642532315814	276.424499245
mp-23009	0.7809	5.100354647864505	13.572191827137987	79.0971406089
mp-23018	0.9343	5.7036225513184	22.344165442008542	157.143434665
mp-23023	0.8546	4.889031686124569	15.205455849014447	124.124389107
mp-23024	0.7216	3.3290669730827913	9.166051365212544	127.058754425
mp-23025	0.8595	4.467403580318409	15.313490872065179	113.263544335
mp-23033	0.7548	4.811555272118446	14.875497271143514	89.3140337643
mp-23040	0.6925	6.305384952817543	12.430397842870232	114.133927873
mp-23054	0.5958	4.433402139119647	10.175322020819511	145.823638827
mp-23056	0.7477	5.13031938945648	14.729372828023696	94.9583341017
mp-23059	0.6898	2.9727891644380424	7.844850607898415	258.037281302
mp-23060	0.567	6.001420390631598	9.047766524321643	358.370315995
mp-23070	0.7214	3.3543184939181585	8.938271470623025	147.754593528
mp-23091	0.6022	5.531225523709819	30.396761233106947	156.445515219
mp-23092	0.7299	5.62898440705255	78.00220839521684	155.635305302
mp-23116	0.3784	15.021744817027708	58.9464811574727	135.325276768
mp-23127	0.5909	5.535456837281319	28.735089201141502	156.411317917
mp-23167	0.4629	5.824368673524931	52.91057165767154	53.5090919181
mp-2319	0.8795	17.897996927183893	29.993191253713896	87.284571459
mp-23193	0.6594	2.384915202033934	5.260201428795199	60.8097764158
mp-23197	0.7292	7.632177731746155	49.861976693231696	70.7833389045
mp-23209	0.6103	3.017512294520924	7.800905212351606	82.3674821237
mp-23214	0.9531	2.8808295077694095	7.083720312885636	163.901518347
mp-23222	0.6011	14.830859899620162	28.149250942085875	73.6527386792
mp-23231	0.4257	6.559638709573789	13.621385715799923	45.6781906049
mp-23251	0.6068	2.6188294662973206	5.322539116632216	70.2124453552
mp-23259	0.5821	3.5705030133167814	12.61705228726211	39.5829890748
mp-23260	0.7449	4.595749736881893	11.668114677367605	487.497616382
mp-23268	0.5068	3.4877601518219974	7.359366325761199	65.6674749797
mp-23289	0.6209	2.6848300958602014	8.277260942906416	52.1874375948
mp-23295	0.6449	2.391574095047969	5.378342490480518	70.0487828549
mp-23299	0.5966	2.7491655990357304	7.850166565535072	58.7445322572
mp-23302	0.5177	3.3689883040218414	8.10475485372941	82.5368186489
mp-23303	0.5512	3.001097514477855	7.844470516548807	67.5671137504
mp-23350	0.8334	3.3399933981130223	6.47307943086137	242.353253465
mp-23353	0.389	8.532185001311216	11.108026959447445	222.647063721
mp-23364	0.6344	2.7524634697698827	7.603534071931186	219.140488028
mp-2340	0.8763	2.506898366276085	5.839652671621141	147.465504406
mp-23405	0.629	4.23435895504112	8.457468502313143	321.23723332
mp-23406	0.914	3.241312278476321	5.676550401584717	265.327696353
mp-23425	0.675	3.3454283185750664	6.8956493347894305	283.551809465
mp-23432	0.7414	3.04869673669561	8.704470530981514	136.135691037
mp-23465	0.7902	3.3967762086828794	7.5278834087150654	284.301386643
mp-23484	0.5283	10.300171090339324	17.04333228887218	290.383552809
mp-23485	0.4379	6.117237947957333	9.10863709595825	251.27090779
mp-2352	0.5651	3.2320555939167734	7.354808064941539	42.1224463575
mp-23550	1.1475	2.3031706486974772	5.973065552058609	212.938201676
mp-23703	0.6215	4.751772938395468	14.34841076291431	15.7665664182
mp-2371	0.3974	16.92632667942446	24.241267273612298	211.651044669
mp-23737	0.591	3.7053240462441193	9.213692268752414	62.906118346
mp-23804	0.9735	5.62867423211386	16.87602213811866	63.8996664386
mp-23818	0.6084	5.3088861647561085	13.86887752534015	61.5815213191
mp-23859	0.7905	3.9914038477294853	9.973066914012831	96.1226900878
mp-23860	0.7313	3.715371077759798	8.780635227124092	112.681554991
mp-23861	0.7294	3.796702692999705	8.758329106548388	134.249281453
mp-23862	0.6882	4.819728286803458	9.749223922039215	165.700451772
mp-23870	0.7402	3.260484925447457	9.630848704263	27.5315135325
mp-239	0.8287	6.697491684868137	12.632108405618549	190.716286398
mp-23949	0.6971	3.311577386985934	11.721952328011582	89.3536053605
mp-23956	0.6742	3.3006199493529285	7.719828045366582	106.912537798
mp-2400	0.6859	4.291291661151029	7.7140475575466025	173.442675755
mp-24007	0.619	2.606553095039405	6.590418798094502	255.466847123
mp-24066	0.634	2.8496322830820766	6.907280139965875	143.798672299
mp-24084	0.7286	2.844803423865022	7.832236377237549	43.9949105792
mp-241	0.6109	2.8899949650459194	8.60730588670455	38.9729403068
mp-24292	0.8366	4.469571937628962	10.615367792622768	106.304405573
mp-24341	0.8337	2.4287159658445328	4.775276357822235	209.399406728
mp-24423	0.7159	4.119222001542498	9.322107044201488	124.75569105
mp-24424	0.7157	4.159991985941903	9.107906771414001	146.111292079
mp-24428	0.6594	2.7683547815249567	11.112894340981049	102.578417584
mp-2455	0.7385	20.31476832550056	33.76486302309814	100.833695229
mp-24589	0.6373	2.5749582077038076	6.455844662708428	223.421680735
mp-2469	0.3344	6.851973063877795	10.366423437457442	49.4260679844
mp-2472	0.7326	3.8537006147170367	19.665968190497694	33.5374466
mp-24721	0.6867	2.956829506048874	8.39509596074758	52.0494310977
mp-2490	0.5906	11.243332715751405	13.304768435730809	40.2381559819
mp-2517	0.5325	15.247136724174357	27.16419205607254	318.620114114
mp-252	0.622	7.551905414225501	8.579934540821137	44.1187357894
mp-2530	0.5977	5.069786688920416	8.334307144815197	66.9303672195
mp-25305	1.0706	6.930394529550525	34.717704459898435	159.614874659
mp-2534	0.1555	35.12059207557881	37.31492974137052	45.3390359817
mp-2542	0.7729	3.116537849214801	7.075622788894205	27.4051126833
mp-2552	0.6652	5.644646644213549	15.30785985925976	94.435330573
mp-2574	0.9077	5.5492861209083975	44.61806203276406	66.4311528555
mp-2576	0.4619	15.925353291614373	28.18020471681088	389.646794265
mp-2600	0.9129	8.378516146864913	26.487136937175965	72.649230558
mp-2605	0.7669	3.8426500045861363	15.748251715464326	27.0154834522
mp-2624	0.6112	12.569458007323263	13.896021918165047	58.3578498398
mp-2646	0.5406	14.786091934649813	28.877174637191256	128.900798584
mp-2657	0.9259	7.746816424785229	500.5888695962126	61.8190617323
mp-2659	1.3632	2.7944590284372888	9.00562947201597	42.5282643217
mp-2667	0.4875	6.327754515343194	9.939566653226649	71.8517246507
mp-267	1.5281	20.465568540400145	28.054640241512182	135.744917885
mp-2672	1.0048	2.622129595096038	6.148952497079666	147.748659898
mp-2691	0.2187	14.2898130071801	17.984193864982153	56.2703628728
mp-2695	0.8569	21.201395878180204	34.56308147726187	127.893198839
mp-2697	0.8023	3.3596080170981932	14.33886162149106	40.7896965418
mp-27138	0.9509	3.1701439384427	5.72028633414293	231.322106973
mp-27193	0.7945	4.188338586826266	8.929129188360063	89.4279642164
mp-27207	0.6322	2.6122180032277527	11.120407681207897	187.332983329
mp-27227	1.4233	8.192642713623199	10.937449008728523	163.69301282
mp-27243	0.9028	3.128795627752051	5.855774962182062	231.566099371
mp-27255	0.6165	6.890603252257137	9.618870634894565	252.354045857
mp-27294	0.8872	5.287785375113324	11.009758541470442	200.577425238
mp-27300	0.4539	9.3954892534007	15.510492702282477	321.888203933
mp-27303	1.2659	7.064916984793942	9.668078397518551	186.646371959
mp-27315	8.2825	2.1454369607194854	6.461264688000741	138.768399204
mp-27385	0.7932	3.1337670490510035	8.907360063472446	362.217161269
mp-2741	0.7416	2.3175019885633152	8.058907455984457	39.694337183
mp-27419	1.1321	2.4375731261826563	6.246346647415042	111.941772558
mp-27420	1.1576	2.0630830766996238	4.238961612614722	140.031825375
mp-27421	1.0737	2.292690624856033	6.725753551457015	139.539662546
mp-27422	1.0965	2.3069116089947737	6.09821070255044	154.303303101
mp-27456	0.805	3.8372143757530055	10.698663809927451	395.70393473
mp-27546	0.8015	3.152812203613128	10.685905804178176	99.8221270276
mp-27549	0.4176	8.575144811181563	13.286107554046872	276.973458683
mp-27562	1.6744	8.64455729740621	12.07241860749018	109.231866919
mp-2758	0.6414	5.391898021160854	11.455587898954983	59.4352489549
mp-27608	0.5522	3.468230144729981	7.521849523184481	110.17678431
mp-27678	1.2639	7.257738543595231	10.242076088534937	252.947618743
mp-27716	0.6261	5.18461818660744	10.04386957257998	138.28270126
mp-27791	0.6885	3.182993750558613	8.991526317918794	161.623089195
mp-27827	1.6281	3.410008533604068	8.111870715008116	242.879619782
mp-27828	1.6464	3.310072359004065	6.92593139198602	264.373465239
mp-27829	0.7331	3.5879746239001644	8.261819733374582	248.449051258
mp-27830	0.789	3.483664577182463	7.141263439651856	269.726690812
mp-2784	0.4547	4.39530853095488	7.703354291148712	95.1942954387
mp-27869	0.6965	5.968764598437141	16.525355925929162	136.624614021
mp-27882	0.785	3.0071641336399844	5.878308448778511	266.132165465
mp-27904	2.0904	26.424279360527187	40.3110702594974	191.917476971
mp-27985	0.7225	4.41261108500409	16.235961968515166	98.1175606217
mp-27999	0.4356	6.699882151050186	14.1090557940413	278.846886798
mp-28020	0.6298	3.1793197862876923	4.616819206384911	289.156669945
mp-28069	0.9308	4.704501578648498	10.743062895018854	183.607261779
mp-28084	0.6384	5.479194345093068	9.041538462954176	274.638387689
mp-28111	2.3321	7.049876942459967	13.824993905653413	263.162564141
mp-28145	0.8285	3.7712470368138082	6.794360313892214	239.128269209
mp-28171	0.5578	3.303719197453841	9.286564308405469	145.375715264
mp-28243	0.658	2.5458317912781046	11.603904777037888	208.787841407
mp-28264	0.6633	2.441514817484909	6.938532753110284	135.447774931
mp-28270	0.7994	3.8945502112832506	6.332027542713436	344.143556005
mp-28295	0.7582	3.877355209202411	7.659976566096595	195.521899499
mp-28302	0.5157	4.922249200691035	8.334905928276113	245.35793272
mp-28377	0.4565	11.359443384013673	33.48038212585476	203.433130051
mp-28423	0.5903	7.468751197883616	10.171473805172168	282.496471875
mp-28453	0.4374	15.773218468319708	23.165566511724847	395.896216736
mp-2853	0.487	8.47902132826895	60.026364754325684	18.8027747426
mp-28553	0.8344	5.850556410610967	14.656873319527094	175.877779445
mp-28554	0.6774	6.613807036028667	12.839201497490354	119.111726654
mp-2858	1.3265	5.275963665625112	20.296960795210616	139.370523743
mp-28591	0.4758	5.9875545970711945	9.725576794271612	181.231029715
mp-28599	0.5539	3.0771506156694968	8.91163842028806	149.563006676
mp-28602	0.5902	2.929935319423788	15.819834791605285	89.7031620463
mp-28603	0.4727	4.672230495034272	10.062065593954049	230.904118543
mp-28627	0.619	2.7790537806596616	10.084965522750409	214.295369441
mp-28797	0.5134	9.232102929954927	14.025081829260536	48.0227622576
mp-288	1.0635	15.410492449467185	16.512824775078823	73.2083591413
mp-28872	1.0268	2.958099232022606	6.586204319583755	88.6033813541
mp-28873	1.0961	2.941269383593534	6.330677756027819	98.2972236389
mp-2894	0.7661	20.26160958704446	21.835213104338003	66.2230116163
mp-28994	0.4702	6.276216976458248	11.517294235530867	182.532782313
mp-29025	0.5913	3.8378687069928636	7.948242426288996	134.60957633
mp-29091	0.8867	10.468480732634431	11.177924238745222	149.616906674
mp-29138	0.9804	7.665943049073858	10.766813616872845	216.32070439
mp-29149	0.6571	4.108576378887351	9.53882459282882	73.9406735915
mp-29151	0.6754	3.7405138457796188	10.082653586952908	106.478211466
mp-29163	0.6162	13.203593315058063	19.295910709275997	261.204402831
mp-2918	0.8939	5.076598094948718	10.950569259914719	120.295419335
mp-2920	0.9139	4.739712454494869	26.600942420749845	107.589268838
mp-29208	0.1958	14.13835107232626	20.893018863489534	147.548295281
mp-29209	0.2034	14.274319673510563	20.816650702653064	167.455366014
mp-29266	0.8237	3.197656449360154	5.6254008811087415	163.122491349
mp-29342	0.9288	4.632471970279484	10.287583691248297	177.419476414
mp-29364	0.7394	3.3164577592541806	12.101254343455993	107.074161665
mp-29396	0.6381	9.883022777949401	18.268234058442495	145.856256002
mp-29398	1.1471	4.500341952367025	9.321179639885637	382.214227106
mp-29403	0.8987	5.393808282652654	6.757227900627931	213.083059753
mp-29463	0.7741	4.501397520592175	9.336209810409844	100.476780217
mp-29484	0.503	5.278641799790237	8.54311809911955	260.121989505
mp-29506	0.8983	3.9732397937986588	10.633570139226965	190.881392308
mp-29529	0.5367	10.79002495724183	16.025256823338257	151.140877936
mp-29585	0.4787	5.339432352874227	8.579653089898033	262.082984905
mp-2961	0.588	8.901879206476972	11.42604680539616	165.590195499
mp-2964	1.7082	2.2454232638673686	4.989935017674296	53.3180530132
mp-29678	0.5461	21.393956286128496	67.62321890593276	85.0496204482
mp-29750	0.5408	3.225320450478436	9.051099792504235	319.334519073
mp-29751	0.7063	3.818057368125798	11.380189514704877	397.500914229
mp-29754	0.4885	6.618792132112	13.090229996548144	105.562770418
mp-2979	0.4275	5.9891794181625695	10.534992290289694	180.945480131
mp-30004	0.6019	2.8824978692495535	13.614341434913054	249.287261063
mp-30041	0.522	7.563727672442714	26.080816868338633	112.157770993
mp-30056	0.5682	3.1501519893164502	15.005128563420554	179.247901189
mp-30062	0.7302	4.048937013851483	6.520682544296386	298.647957919
mp-30250	0.7999	5.118028598609702	10.581091033385466	129.094222518
mp-30251	0.6816	5.70213317970969	12.038318778962438	129.151701726
mp-30315	0.605	5.408152561605998	17.30370191680486	99.8427289352
mp-30373	0.5078	6.588501756113178	9.88583852847903	65.1547429001
mp-3038	0.4006	7.519828007833225	11.45400537340619	176.884901706
mp-304	0.5412	15.505440788376902	27.21461007668153	323.35300046
mp-3042	0.7528	1.9116591246453527	6.025300629010311	131.900362589
mp-30456	0.5933	11.87893786337188	19.950931922402635	336.808225463
mp-30459	1.0107	22.286107384323326	26.19223207503158	58.6895629849
mp-30460	1.0199	24.61932858437734	27.233383127983316	65.3804946824
mp-3056	0.4749	5.284190511833972	13.95092040547415	53.9941613738
mp-3074	0.7882	3.9141079126005747	6.389262086003699	258.726153936
mp-3078	0.2239	16.03439766162681	18.415817778823506	189.280306386
mp-30847	0.7908	19.939206594650944	25.319698010020495	58.404033543
mp-30988	0.8623	4.417277615427622	10.938456081170257	149.727877908
mp-3104	0.627	7.898645430273995	32.03074855658483	143.008513001
mp-31149	0.7223	10.582724235979661	24.635218296171818	113.551997526
mp-31212	0.7385	2.0471516373563077	6.856749053253107	103.090854445
mp-31235	0.2482	11.947015144099282	20.154933135858283	323.897364144
mp-31451	1.3749	20.238913860271584	29.534325704547584	58.0027787433
mp-31454	0.5591	19.45734993882641	31.347189278870548	57.484468738
mp-31468	0.5455	5.875728130234047	13.1253186653606	166.852083167
mp-315	0.8859	3.3864528896204322	26.096447462395176	51.3467024746
mp-3159	0.4252	6.48534087890653	9.23779072742418	176.862089383
mp-3163	0.3845	5.019744272157001	22.505787071915055	70.581870092
mp-3167	0.2058	26.1847065941398	34.76413343770615	182.075014263
mp-3216	0.9508	7.628916435159655	29.948590066552736	49.8625486586
mp-3247	1.1344	5.287306103349937	11.436922709936054	359.361456473
mp-32616	0.4726	6.476356570483404	10.114256436720437	211.939669933
mp-3277	0.8192	3.050001330729817	5.681317368195506	69.123192242
mp-3288	1.8617	2.6047066766707903	7.337946343203783	235.478895401
mp-32880	0.3318	10.198743279200427	12.76157356625914	43.5307361118
mp-3349	0.9143	5.437609554878955	106.03166233631234	152.290442598
mp-33526	0.7607	17.443760848910916	141.88614686088687	168.259816663
mp-33588	0.6036	4.674667792359251	17.49763660118588	119.846777341
mp-3359	0.6146	4.405619925187082	18.774161079250202	114.339770449
mp-3395	1.1051	3.5476378824837553	13.24385980315583	150.165247937
mp-34126	0.4184	17.540777539951787	19.78982112242484	263.219967419
mp-34169	0.3153	8.920616596143937	12.382679606332141	186.466716337
mp-3419	1.8457	2.291859024142563	4.5707601853040725	229.893198056
mp-3427	0.6898	2.764607987949798	6.134690248939329	166.946149311
mp-34293	0.6888	6.301499611244353	16.249238667626493	165.789252337
mp-3432	1.0072	18.082854053985677	22.001141379636895	54.9191102207
mp-3448	0.7156	2.1156083699757415	7.068683023457546	63.4675975744
mp-34579	0.7811	2.0127918457851295	7.8042236028855445	151.342786908
mp-3486	0.2992	11.868085279639695	14.741653901413775	214.848105527
mp-34932	0.578	4.677517189966351	14.578627907205757	34.3283229676
mp-35152	0.7562	8.958025443072964	15.117916231852906	106.74088186
mp-3519	0.9464	7.878305323115174	17.59115582220274	182.888347432
mp-35220	0.8083	3.716995385704241	7.003947660822874	78.462995058
mp-3524	0.6681	4.261937422425518	9.053584702403812	74.4003086335
mp-35777	0.3054	10.564569438341163	13.42448727382983	240.782170856
mp-3589	0.763	2.615475664665958	4.859366704716376	63.8594071703
mp-3595	0.6246	13.574814415672085	15.0884589278327	170.234573758
mp-36066	1.1134	3.153279432016968	6.2786829874087	76.415508316
mp-36111	0.5647	7.140278804314422	11.716622146609922	53.1972410295
mp-3614	1.5997	5.376380268527353	639.8835702026438	62.9489030008
mp-3637	1.3764	3.466399713866426	12.975655110711156	77.2540380368
mp-3642	0.991	6.107002011670317	13.181341063818513	100.096090826
mp-36508	0.7202	2.652384469569421	7.236339370269349	125.81508466
mp-3654	0.7081	2.1872229722719063	18.867902204302283	87.0656147878
mp-36582	0.5584	3.5091092827496224	7.944556719055467	49.7926837996
mp-3666	3.1983	5.0288843113127335	40.69579481599475	104.485745121
mp-3668	0.2717	13.757957125219255	15.997775513863559	176.946313598
mp-370	0.4663	9.594782540474847	31.17712276361952	39.327445341
mp-3700	0.7863	2.3609574522529284	8.188434501761433	141.733025969
mp-37091	0.5201	7.975201115369431	12.348024728900054	223.624777498
mp-37216	0.7947	2.7453592850388415	7.028406804505376	130.02335081
mp-3731	1.1536	5.428661692410964	37.99293251582508	104.995281447
mp-3744	1.0108	7.2193550463651945	10.145493496109847	86.4554738805
mp-3748	0.8704	5.655569793819277	9.349141129356653	39.4951602063
mp-3762	1.3016	7.648793849829643	8.01034306517306	149.902695067
mp-3772	0.3606	7.947595290300326	11.12280378725712	176.954402163
mp-37906	0.615	5.058018012243686	10.402759305089253	30.6446247422
mp-380	0.3087	7.284785444418283	10.009796884115676	89.4026475253
mp-38011	0.6076	2.9848706552722284	6.178911432260246	66.9461531993
mp-38117	0.4545	9.590784682871496	13.64325391263873	236.607716774
mp-3813	0.5893	8.24755039594512	51.41173056690894	189.755349342
mp-3821	2.002	2.417875459110331	7.4454218774782275	133.593129489
mp-3834	1.0466	4.9134600146615615	66.94281793962415	73.1761833898
mp-3839	0.1803	32.821573235096594	34.696197704368	214.579787399
mp-3915	0.7695	3.6361738596307505	8.28354078431804	93.7940553549
mp-3924	1.5151	7.69365784515475	14.223658396999857	75.1826104951
mp-3953	1.3385	2.7697396968440255	8.726688502451903	121.242658203
mp-3970	3.2305	2.324221332582149	9.797265237053024	130.665918418
mp-3980	1.0294	2.0749531995746238	5.387973212326794	108.585123264
mp-3982	1.3175	3.5479125321072233	6.047647318483206	138.108951285
mp-4002	2.1772	2.3678066923620933	9.710332216454999	99.1428144263
mp-4009	0.7267	8.000418169695005	24.09887645557422	199.052775404
mp-4035	1.5911	2.675748427329148	5.303727273649572	224.072538899
mp-4043	1.0775	8.011683590082612	8.263949358676095	174.18114291
mp-4047	0.7084	2.052925280704603	5.639113195957984	172.628982612
mp-406	0.232	11.55430222633033	14.576347157210247	68.4369012249
mp-4081	1.1595	7.598420591870454	7.830721294044877	174.805331513
mp-4124	0.7859	3.334211555687286	7.855284633689875	57.0051365979
mp-4156	0.8902	4.180815166048696	28.020351777979815	119.766263467
mp-4175	0.2566	13.916284565176204	16.076991344035118	178.33506894
mp-4187	0.5658	4.142571069865563	7.618617271470445	138.660163977
mp-4190	0.61	3.93416286457515	10.99079120157204	133.507388385
mp-4200	1.7163	3.791562362701377	11.374164851244117	124.791441321
mp-422	0.6153	5.3974071983260945	7.265585160634474	28.3441286801
mp-4236	0.6031	4.2552396812945465	13.923221150679522	198.405813495
mp-4280	0.6907	6.017108491336133	10.379445774549907	43.5338295555
mp-4360	0.7054	2.3418094164924246	6.173291342491129	143.330291251
mp-4385	0.8147	3.3637574101156704	10.272498329456646	113.977624319
mp-4405	0.503	6.074675331270351	24.015648109094915	163.549906011
mp-4406	0.7274	2.7327502443076606	7.185105076488797	151.02960348
mp-441	0.5408	3.5167618255709963	5.975780002387832	149.895865333
mp-4452	0.4565	6.172171147697823	9.463912140999435	155.301320897
mp-4495	0.4857	4.56596973023949	8.46171062843158	174.299524861
mp-4497	0.6795	3.362991807186192	6.1966002242248965	119.615004736
mp-4511	0.9768	5.380659482892179	16.40621365164137	95.8696573342
mp-4514	4.7868	5.357649872186179	50.70045805038544	119.157404676
mp-4524	0.6186	12.60521188396584	14.166648616179817	157.381165061
mp-4531	1.6206	2.2470688649128	5.690486287499276	124.675457725
mp-4533	0.6829	2.4519043606230984	5.4843375083229855	154.23751693
mp-4547	0.7655	7.1862943825364525	21.77142248750601	107.795517028
mp-4555	0.6826	3.6246233782048414	10.327210808581096	103.523927035
mp-4586	0.6201	6.277673284610257	8.30507813495164	235.78876352
mp-4609	1.8853	3.924465158499291	12.225246600119055	128.251518733
mp-463	0.7333	2.019976130836828	6.190273756507791	37.2664072905
mp-4636	0.8686	6.130243420908836	13.246661246641159	50.0452279514
mp-4666	0.5959	11.137685307515596	13.420941629008835	167.206691499
mp-468	0.7414	1.9717497087703453	4.812011410960624	88.359796707
mp-4690	1.2611	2.74189276171532	12.938222130457062	179.127947489
mp-470	0.4839	4.473347686758945	14.146097617089511	56.4198629382
mp-4763	0.6219	10.90550091277216	12.529609686758699	149.471255666
mp-4782	0.8839	1.9621940764699854	4.929163253705401	145.169922682
mp-4809	0.4278	7.022241608998021	11.643981322604454	155.431652881
mp-4824	0.5745	8.728722478818149	16.079188143135838	109.976134273
mp-487	1.2205	19.675138766802267	25.382506099493337	141.602085066
mp-4961	0.9213	3.6523307394754623	6.850218514098946	76.6598587965
mp-4979	0.4483	6.979203080114801	8.821502727013838	144.22448951
mp-5012	0.7465	2.7014179338326945	6.295173945365017	117.2739187
mp-5020	3.8138	5.924520673451608	50.634296590886386	63.6696386725
mp-5038	0.5592	3.936136028571583	8.714892819295972	241.64928538
mp-504535	0.4824	4.314749026155969	12.13163989952246	79.5546513794
mp-5046	0.7878	2.4039135960045535	4.347743825191525	71.2619275132
mp-504729	1.7885	2.369746130747148	5.726113608273328	180.104248667
mp-5048	0.899	7.62071965026394	10.05441621788091	234.727757684
mp-504838	1.0794	3.8356193067048463	6.142150243461161	298.204502958
mp-505297	0.5322	22.600471638875483	37.072460545624935	57.5006612561
mp-505634	0.9495	11.178495356550734	16.93072720984418	424.125066431
mp-505825	0.6473	6.333279132668026	12.3012326799566	140.429307813
mp-5061	1.2509	4.4444767115703945	19.799144953941113	101.921937332
mp-5072	0.9014	3.116954164626466	6.994583388388919	119.692370402
mp-5077	0.5264	9.488206406787814	17.028375871730724	77.5483808476
mp-5078	0.739	2.3486003976492285	10.423810625287604	170.806560103
mp-510268	1.1798	6.32249376532612	9.898857597861172	233.231135705
mp-510273	0.9511	3.6889031168956876	9.422124625352158	187.515306925
mp-5122	0.4705	6.660653390152376	15.083430398733771	266.446965977
mp-5127	0.7687	6.0606190312129895	8.632275341208896	133.566774971
mp-5132	1.2018	3.3209170008631648	8.981235190746576	142.036142492
mp-5175	0.5194	3.9735611845937924	10.51598108343437	49.7788598452
mp-5213	0.1911	23.021221598061743	25.798133271186742	200.681805512
mp-5238	0.3504	9.452103020433197	11.772669612178094	146.068098691
mp-5339	0.4701	4.45255886708079	8.646192706464653	234.082557935
mp-5342	0.3623	7.838343978587451	10.525953716588823	167.799635918
mp-5348	1.0833	2.792485053432823	6.855610623530475	93.0045246186
mp-5350	0.4629	6.34473510040483	9.391382907260695	142.869296765
mp-5377	1.2854	4.6513121050688335	15.932326181457736	144.53312944
mp-5380	0.5579	7.883794141991269	29.58367168654745	147.375734744
mp-539	0.4802	6.316536210156625	10.277924687486893	213.416022663
mp-5394	0.69	5.7946344419267435	17.452915259657612	110.433667472
mp-540703	0.5412	4.185646299268703	11.040841198331679	461.57996863
mp-540957	0.4914	5.991502729899869	11.01023556089222	390.526216523
mp-541037	0.8076	4.041549070191499	9.811532237770281	151.656936644
mp-541044	0.7175	4.206465818484912	17.405415956229778	143.107343603
mp-541226	1.828	2.380366855110027	7.079755397459512	148.012291867
mp-5414	0.5452	8.928839213141751	20.59916390121009	184.766790372
mp-541899	0.5522	3.5672656186661467	11.801002161624904	336.820541607
mp-541989	0.8353	2.7321748041696496	6.522163130921815	64.3420561602
mp-5427	0.6835	2.7769558822596445	8.415429379080175	117.526723337
mp-543024	0.4839	9.790407603113138	20.55806793159458	307.849391394
mp-545359	0.8795	3.392848104969565	9.139027496007873	100.625491862
mp-545500	0.8615	4.169864719550731	11.143273427056622	204.9230082
mp-545544	0.7047	5.632528892873066	69.00601884414155	155.559615608
mp-546011	0.5808	9.67385486284959	23.712576600280503	133.764750865
mp-546125	0.7235	4.171707224124061	13.180282715406227	137.660212213
mp-546500	0.8135	2.170991365764849	4.361821455278342	56.9043131746
mp-546794	0.7453	2.210518038735855	3.892296357071787	91.2849080577
mp-547244	1.002	4.298327230522703	15.51060964496956	195.972101164
mp-547792	0.6725	3.273939558284476	7.6432408057786825	154.91494598
mp-5478	1.8443	12.660848358147115	29.703158049949597	219.264934577
mp-5479	0.7046	2.0763267188667713	7.627734906765084	84.1907766328
mp-5488	0.5347	4.468918303093472	23.067282127805235	87.3462236844
mp-549589	0.5154	9.654852669586125	23.927186535170623	146.668217263
mp-549697	0.8118	3.14829111719321	7.203359272417042	142.582119093
mp-549737	0.8645	3.472604982285736	12.27350147141249	149.34775321
mp-550751	0.6931	3.000230086069687	9.465462271672813	94.7696881234
mp-551092	0.61	3.4857796913766217	10.537160918772079	126.065327818
mp-551203	0.7128	4.112611209286952	10.250900284734366	306.769885214
mp-551243	0.8131	4.942885301504076	12.247429093831036	246.714774103
mp-551456	1.0778	3.799038490399164	8.644643276886136	146.743101425
mp-5518	0.1987	25.547364743865455	29.37579716904197	194.428290247
mp-551835	0.7249	4.106263311788726	9.699440807263503	349.143680187
mp-551873	0.4777	12.116862090506137	34.237354201259976	180.044590609
mp-552488	0.8405	8.18558673461175	20.098114450979963	139.045180351
mp-552537	0.7427	3.925086580696236	7.911937250793955	130.018457098
mp-552547	0.8434	5.074792453725859	13.470052736434038	225.320794251
mp-552806	0.8862	4.278679013777442	13.019256355656763	215.580937125
mp-552934	0.9939	3.947370088806368	8.508085292711637	152.877375863
mp-553025	0.9429	4.176162760881905	13.09410402790239	194.141585179
mp-5532	0.9338	5.002309265706517	52.07026138281834	93.419267176
mp-553303	1.1401	4.935488374754466	9.02636475098184	122.447900825
mp-553310	1.6051	3.754976832782636	6.970230840134317	171.176863916
mp-553342	0.7104	2.3369399656519523	5.350629540887844	121.632262002
mp-553875	0.6619	9.740425694682601	24.714426008546535	71.2452234311
mp-553961	1.2919	5.435212864382948	25.948898988615927	137.850970639
mp-554155	0.9983	2.820070926218672	8.557400543404466	170.062468742
mp-554412	1.1779	2.926142043098921	9.970862128950653	191.918080619
mp-555166	0.5546	7.351731190935409	13.28100942349578	194.871005889
mp-555763	0.4119	6.270160307144997	9.188264505634347	115.247004564
mp-556405	0.9166	4.35806484776697	14.879245220275594	129.234782245
mp-556866	0.4696	6.486071849406214	10.322506297966141	361.73291476
mp-556953	0.946	4.112865782470756	6.887547589109157	270.500678298
mp-558071	0.829	2.965692603700111	5.150565009219678	144.078260582
mp-558430	0.9032	2.0787919906836114	7.511337147545406	139.323473564
mp-5588	0.7056	2.262372948542582	8.316281214874657	103.85587395
mp-559092	3.3089	2.2434006345075064	8.270347688945495	64.8228316304
mp-560558	0.6195	5.360876308198665	12.130064218757214	274.027494659
mp-560588	0.4136	6.054459236487297	8.868524032163297	76.8422958822
mp-560790	2.5322	2.5196016752905983	11.228200660177986	191.554476649
mp-560791	1.2578	3.6544350533645726	10.923887074209693	186.44600408
mp-561561	1.4724	2.5585998453575645	7.402761122673328	182.682380397
mp-561586	0.7808	4.952290503184522	12.976265353055682	125.856870713
mp-561947	0.5658	3.3233155156961636	15.27973041583382	95.1810484041
mp-5621	1.1336	6.885831767410346	7.148515940120079	158.962019485
mp-5652	0.7238	3.259052884751457	9.104430978831157	142.061105268
mp-567290	0.6414	7.283928127124663	17.434191520469245	85.0948308389
mp-567373	1.6127	4.806743335156953	13.703702955175338	155.269762521
mp-567558	0.5745	3.3629852395253472	8.612617289256622	240.127110274
mp-567636	0.7156	31.015788227915404	57.84219383586194	46.8810504076
mp-567652	1.4162	3.07251418835156	10.118800760210481	277.736248884
mp-567655	0.6904	3.1786988026834777	7.2920930600369465	144.006474184
mp-567666	0.5761	13.031439152308833	37.496105350639525	331.001924289
mp-567680	0.7648	3.3984859003877577	11.270014963818767	254.443473256
mp-567744	0.563	3.2699497426859176	6.438843434696296	404.794452232
mp-567776	0.6472	9.143932220072658	14.029446066374092	284.536314966
mp-567913	0.5262	8.604901735514964	11.712742045255204	301.186478375
mp-568018	0.4642	9.716301728017635	13.497531625185859	237.653804225
mp-568032	0.3323	8.023207566537549	11.624505160049413	197.852429765
mp-568052	0.4881	18.159639654110812	22.45478725889782	269.959838884
mp-568273	0.5344	4.386035958113316	11.825316851600551	102.478211455
mp-568284	0.8178	3.9416783882259865	7.048874078846267	497.119169334
mp-568536	0.7132	4.672041816720282	12.630808680308343	362.242680306
mp-568544	0.4889	3.582360023083323	12.250573487268158	140.850470511
mp-568560	0.5377	5.344919403636743	18.12745902860025	70.4968291907
mp-568619	0.6121	7.181215037676059	10.56308694231258	103.427204802
mp-568661	0.2927	9.346584656512666	12.899219416873358	196.018969656
mp-568662	0.9439	3.025236634324961	7.499616909658684	95.1621194406
mp-568968	0.4792	6.790430315128273	11.597007799465379	222.844434319
mp-569346	0.378	6.60963160648783	7.550960611771424	105.24867189
mp-569442	4.9418	3.404907336185352	5.806940413782021	350.02750781
mp-569548	0.4532	15.04894840356562	22.701268122220977	328.981686679
mp-569639	0.5681	4.628438950771571	19.38726468411034	63.4594189557
mp-569677	0.7272	5.727812066161771	15.37390185692049	104.177720287
mp-569779	1.0121	17.769395811580697	20.72473803232924	62.3280852655
mp-569812	1.0352	3.2925092251544865	7.7954824017797355	188.659143707
mp-570008	0.6289	10.991900869740439	32.646402292393326	138.211067377
mp-570097	0.7121	8.004871006352946	16.655855018588106	121.259601855
mp-570213	0.186	23.23413569583947	28.092119298142027	77.0835129113
mp-570324	0.68	4.213058072687569	9.154566759707526	308.883262723
mp-570354	0.5675	8.95556958273895	46.64152764953535	36.4700690813
mp-570485	0.5662	14.37542913499127	19.973933821315537	73.437867036
mp-570538	1.0957	2.291882184965513	4.812212424252228	57.9571902628
mp-570891	0.5658	2.975249497314106	8.57393165256013	60.8118421734
mp-570935	0.5755	3.28668739635158	5.026433761539755	127.293364241
mp-571102	0.5207	6.53802406790792	17.394998283319783	81.5565384199
mp-571222	0.6025	2.657542066807599	5.771990413852285	92.9689071946
mp-571306	0.7459	12.68976893451685	20.198059390104078	291.044865564
mp-571386	0.5026	7.373836367837005	72.00523726643756	31.3031552756
mp-571461	0.4853	5.070855740519576	8.536193771843214	248.761161293
mp-573658	0.6642	4.957865162164493	9.565197157484707	450.346167786
mp-573697	0.632	2.504263207147706	6.056812231929991	81.9150004325
mp-573721	0.7949	6.28231792161611	10.48008255134785	346.668956412
mp-573755	0.69	6.2295751341819185	9.503847504111382	229.983943496
mp-573763	0.5077	4.317293483046063	9.260667276630196	601.956538019
mp-574599	0.6258	4.7277900056963595	8.468028777310362	211.213181145
mp-5782	0.453	6.147234725243829	8.253088088505635	165.518507643
mp-5784	0.6485	2.7467884623916543	6.046956742593542	166.633088481
mp-5795	0.465	5.806220592606134	17.22140870143356	65.0473757881
mp-581024	0.3612	7.661075803637868	17.978150551161605	155.736618664
mp-581833	0.8101	2.4576480123278577	6.23626003347277	76.9781312276
mp-5840	0.8651	4.27195817221935	22.668590503566822	79.8722523948
mp-5858	1.6472	3.057813644101077	5.442354621541953	111.502442961
mp-5860	1.0788	3.1255682091952486	6.592291758158863	104.726114768
mp-5878	0.6654	2.4210636328702044	9.843244054133644	66.241176093
mp-588	0.7098	2.389506457099133	6.7157544639487226	93.8132495943
mp-5928	0.5142	5.280146529389917	8.139191307549513	154.705756029
mp-5962	0.3324	7.727859303621572	16.46299079965684	136.609725085
mp-5967	1.4662	19.863395127437574	30.612357863378204	49.3076440196
mp-602	0.6821	16.256780572227495	17.412119675137347	148.617084873
mp-6026	1.088	2.518504996545052	7.34818584401623	114.965661312
mp-608555	0.7395	2.9881249208852476	6.224502938587677	277.706841777
mp-6088	0.8928	7.61269595454755	20.77251346108815	129.575952344
mp-614603	0.577	2.878259629186911	5.5338958207683895	111.323579458
mp-6204	2.9711	2.4108578047509504	8.012998902596149	169.644061506
mp-623024	1.8374	2.4761719030245657	7.414681548245387	125.6944146
mp-625136	0.8107	3.1201737390646747	12.563436170600061	104.442845571
mp-626620	0.6223	2.7107511755135674	9.36209437073191	90.3929884905
mp-626785	0.6666	2.559341328108063	8.529476854210461	78.8033846736
mp-6270	0.9871	4.734768496919196	24.93062362548756	131.235802832
mp-632319	0.8103	3.9496234029480126	13.658931541789585	51.5558888804
mp-634657	0.5827	3.5009169267090203	8.035637670744487	99.5482777546
mp-634676	0.6266	2.9732512129143434	6.614498216046542	133.999142446
mp-638729	1.5781	3.062876847277806	7.092935422708862	278.099301585
mp-6408	0.3191	13.61919768820093	15.904345756082863	145.235767315
mp-641923	0.5803	3.666864327203257	6.975104165773798	315.249842403
mp-642648	1.213	2.422206586638552	4.88234208404298	169.550199596
mp-642725	0.636	2.998844808040351	7.379078166783527	123.341980305
mp-643002	0.8817	5.273042152951432	16.66508538040053	72.5302954727
mp-643101	0.8334	2.7979469879267835	5.621074949319847	149.98411416
mp-643243	1.0498	2.8582923319142277	5.860069241648946	173.515191876
mp-643257	0.9217	2.934541669971557	5.989211704477454	126.918007057
mp-643260	0.7218	3.656404623110364	7.148845271022913	90.2150457159
mp-643264	0.8736	4.942449515008456	12.84256716763188	120.769262924
mp-643279	0.7486	2.8755238051242515	5.730203909668521	131.158993214
mp-643370	0.6521	5.189996317103361	14.021388411768454	122.530542229
mp-644203	0.6593	3.6600428804145566	9.631052682614367	93.4998992242
mp-6450	0.7274	5.972686686233877	10.422681974152368	269.993259203
mp-6459	1.4213	2.7941124408355758	7.865864686937004	106.026784658
mp-648	0.5281	3.567416783315294	6.884244250333957	68.7643904713
mp-6494	0.9659	2.589832190236205	7.284868795554728	149.435261854
mp-6586	0.7299	2.018153680324899	7.349291979669144	133.469661783
mp-661	0.5442	4.53682024375877	8.484237359172969	41.8259434918
mp-6654	0.7175	2.2966261432659714	9.4299370556915	168.066735623
mp-6660	0.7441	3.166140631548022	10.501180546913247	160.140230156
mp-672	0.3439	6.3147046844547035	9.663536538076245	98.8871685315
mp-675011	0.7653	1.9084163183130363	5.251465599180563	137.015027032
mp-675104	1.6805	2.684668191676408	6.559388987333212	263.735873628
mp-675531	0.8059	15.150358077539169	113.38140725939931	184.706512378
mp-675902	0.8267	10.985918546941337	17.357507712597666	88.8239853164
mp-676284	0.4327	9.948615937088123	20.337032154873878	186.298483619
mp-676464	0.3515	6.0686418415806065	9.4200367653444	256.621634136
mp-676861	0.5235	4.105173843714467	11.080018539479523	61.7971767794
mp-677335	0.752	2.475046989820201	4.695384501867576	90.2233632179
mp-682	0.7481	1.8961935397557501	5.279323419528824	24.7741243784
mp-684	0.7114	5.4402670003566245	10.150771973266528	170.779072874
mp-684580	0.3908	5.681015910403432	7.3210236057120905	67.3786465111
mp-684690	0.6265	11.083759620252334	26.309673224774	232.026210351
mp-684969	0.6813	8.600949473138979	22.675215371338748	204.425070587
mp-6867	0.7796	2.450619125980072	8.050048378793141	98.585427542
mp-6870	0.7671	2.2089197212133937	5.858370908384487	106.607372836
mp-690785	0.641	3.422728506407128	7.194284205569951	95.1550086342
mp-6920	1.6819	2.1995098535690834	4.853731832264611	77.155798164
mp-6930	0.7097	2.4661069876545647	4.636276427643182	115.450275815
mp-6947	0.6684	3.431058718490483	10.53886828629382	46.9206752692
mp-6949	0.7049	2.3713472401816706	6.347956287331221	121.8538097
mp-6951	0.6514	2.4688794423567066	16.85749268889161	85.7289811725
mp-6960	0.8567	6.1966879762697324	10.056314109305497	316.074849245
mp-696804	0.6107	2.91119323025624	7.091743934459281	152.992674147
mp-697030	0.9219	5.463001002644228	17.18406010290259	71.2451905628
mp-697038	1.2493	4.6357539387775235	11.434192903828908	125.876375171
mp-697044	1.8354	4.619141801683713	11.317447948979884	127.103172251
mp-697096	0.734	3.6461382296313007	7.034145671336508	89.7592613993
mp-697133	0.8458	3.4271449197842094	8.696711662908571	155.848904292
mp-697144	0.6285	2.8292787564388715	11.796569126395184	117.718005573
mp-6972	0.838	5.073281443862897	10.97724846623491	60.1586784429
mp-6973	0.5205	4.004176253083845	9.479990449903392	175.489817379
mp-6980	0.8825	11.414115102827415	20.003909748225016	69.9528761348
mp-6983	0.7515	4.668291982645359	6.672274499317183	203.056736151
mp-6984	0.9435	6.332539318301418	10.355105556638385	289.985319638
mp-6989	1.0242	3.4685094320674614	10.036169232322036	171.283635172
mp-7000	0.7097	2.466105296514268	4.636254878080006	115.450268655
mp-7027	0.6697	3.738898278577975	10.228907649260833	105.034442107
mp-7041	0.802	4.197664033856375	7.787517464403992	67.7988551394
mp-7060	0.5354	9.02943130027776	23.559736015857965	139.37942022
mp-7067	0.196	21.7954637691149	33.2048785286554	117.232411635
mp-7077	0.6609	4.720732544935988	9.314364984902225	161.158413715
mp-7089	0.5723	7.531058731916713	12.30253328130951	187.299344124
mp-7090	0.6308	8.786564193250118	16.009936645065874	162.103507079
mp-7100	1.8013	3.632056363752964	14.598414429738515	94.0208363034
mp-7104	0.6644	2.4076840920239047	9.727213606522255	90.4164484458
mp-7128	0.5106	4.176380284816534	11.369397278676164	99.831085949
mp-7140	0.5982	7.13587630065822	10.590694306258174	41.386359238
mp-7148	0.8135	4.147109254317626	39.75237145801661	170.229168284
mp-7173	1.1379	18.681292674118367	21.14795231961389	62.9075763525
mp-7176	0.8191	5.309821058229443	12.081929313840575	131.916378822
mp-7188	0.8154	17.494418339830258	32.632577989899325	41.2883849047
mp-7219	0.8053	7.599391634331092	20.678514518978375	281.629278608
mp-7232	0.9676	3.331973799314742	8.89283045614516	137.531554847
mp-7233	0.9369	5.73633588851168	16.416632113222683	100.406178003
mp-7297	0.8145	2.3303371861386624	7.608878874379308	172.050859383
mp-730	0.8083	18.010094660540926	21.424070733227342	184.628867979
mp-7323	0.7409	2.239368082988198	5.279893701292116	113.099943116
mp-733	0.6373	3.2093630347520294	6.42370971967436	122.445302235
mp-736	0.5373	7.016668199171483	11.715265644768559	114.782244421
mp-7374	0.5857	6.341424622631976	15.876907114081485	161.235832327
mp-7375	1.7225	5.540071964584454	44.587777849513635	64.1060963237
mp-7392	0.7674	11.76177970927063	17.60211043538867	204.813093096
mp-7421	0.2339	16.882310582263045	22.0201927111355	154.578306111
mp-743	1.0836	2.5764753803953395	5.768416395458345	146.804276336
mp-7436	0.3338	8.955789592253508	11.918095055433167	167.500994851
mp-7437	0.3833	8.00311165204218	11.899502795721107	142.008770837
mp-7438	0.2564	16.322736813018622	20.945935782021998	182.846661037
mp-7439	0.6856	7.902508493253473	12.611890111946243	179.154968081
mp-7446	0.8605	4.091752412062099	7.2487886397667625	292.191701612
mp-7447	0.8331	6.706578608770109	10.006327656353207	321.186496416
mp-7449	0.7896	6.119507767723102	9.32876532205807	357.517790649
mp-7457	1.3569	3.6386956581806467	17.157964243477178	210.849366009
mp-7467	1.4104	3.534849784843816	6.146408603036131	153.943568149
mp-7469	0.8079	4.68912172681764	6.944353088206523	178.758639514
mp-7470	0.719	3.889527528213318	7.131339993089577	255.877800591
mp-7472	1.2171	3.295821715424938	5.904875200272805	172.151881968
mp-7505	1.1002	7.173023517075447	11.8812449483081	256.603868955
mp-752580	2.2322	2.4371076479332796	7.127186128706602	206.75841993
mp-752658	0.7885	5.6396783703216835	13.97009492875801	84.2503487185
mp-752676	0.7589	5.722460090277652	30.08500818561157	241.324091074
mp-753098	1.3095	4.100234267595171	7.310667679727046	41.3009698076
mp-753260	0.8712	4.9329304430579155	11.6463579709623	75.5979582157
mp-753287	0.4143	5.280734059920158	17.75378767122628	52.6231182913
mp-753401	1.8469	4.7400339396647855	18.971861630103458	196.837949718
mp-753671	0.9324	3.1799386978046864	6.253468047583301	75.7452945595
mp-753946	1.0093	18.652155564908067	22.39644264320661	54.7774435571
mp-754117	0.7161	3.693391308516545	13.200275650185299	89.9604691377
mp-754118	0.676	3.5293387595533114	10.12899356395518	112.073362812
mp-754212	0.8064	3.5465067980682714	11.306266396340558	429.630142441
mp-754326	0.8583	5.214706257706064	8.521094017624764	52.0355466874
mp-754363	0.7149	4.4223547076452485	30.401020816564177	114.693292058
mp-754368	0.6581	4.702857966865972	14.653589870757088	121.312448369
mp-754517	0.8126	3.8411494962259156	7.944297742215563	374.406728583
mp-754535	0.8827	4.9280813225394	11.607536075162509	151.17443186
mp-7547	0.4497	7.7247857303698355	12.065391449685503	191.79639678
mp-754710	0.8141	3.789246306440025	7.892246589570043	386.42618124
mp-7548	0.5963	9.467682146837246	16.54223272288275	217.002903014
mp-755013	1.0556	3.6282634447577293	19.109387237674337	105.682390488
mp-755287	0.5805	4.273455571742354	16.238807075298993	106.408159901
mp-755309	1.3999	3.131014641302794	4.06654485006473	218.002331129
mp-755586	0.6635	3.9350926038193985	18.760258068327598	128.950605916
mp-755756	1.6209	7.44554374625462	22.381055663108658	92.9917231124
mp-755895	0.8206	4.6846312638397	41.56191436873688	189.690723123
mp-7566	0.6076	3.2792970764924285	8.882506407483785	146.318931559
mp-757	0.5313	7.622391081204121	12.167204546367252	125.479306039
mp-7572	0.7092	2.614271021471915	6.6536136541782716	133.28073925
mp-7575	0.3292	9.570692627519412	18.20842772577922	28.5415490929
mp-7581	0.7545	12.769674265538523	13.124223818335583	60.8472274253
mp-760	2.1702	25.754695152701796	35.656505323473674	95.156399943
mp-760375	1.4521	3.2377889921569123	4.184137939599217	204.195778566
mp-7604	0.6191	2.8196698558383417	8.777069704385545	75.0607654597
mp-760400	0.6067	3.9959623270797318	11.350397627228379	152.988560216
mp-760417	0.5696	3.068540511747947	7.883073815220279	273.383999861
mp-7608	0.9958	5.389091209663425	11.115650440477559	51.0775219022
mp-7610	0.7034	3.1022868342401058	9.67541160495919	81.0461967565
mp-7611	0.6892	3.379069876841566	10.105254108333188	85.829122577
mp-7622	3.6775	2.308360836889857	5.44655818252165	187.707765606
mp-7631	0.7733	7.221414850849069	10.592227208907303	124.091917994
mp-7639	0.5573	9.088079452142967	14.724335588294029	153.416204494
mp-7642	0.6378	6.989418559538598	11.697327943578005	231.297421815
mp-7643	0.6533	7.39558580231255	11.84952918424316	264.598384131
mp-7650	0.8212	4.099227272694764	17.41350788206144	114.43045802
mp-766	0.91	22.22559698766016	36.27098476579481	99.3078749997
mp-7667	0.8535	4.381884084603998	7.61950628246455	260.838435504
mp-7670	0.9809	7.716785956557077	11.686652547097447	291.172179946
mp-768368	0.5768	3.057392790132551	7.172260702417954	237.01515448
mp-770932	0.66	3.527508118099334	8.424878907298941	117.527239349
mp-772290	0.8425	5.749374067122733	8.433424450636464	156.053597375
mp-773137	0.3997	7.067639514140893	13.580995754650523	238.061801717
mp-7738	0.614	6.542886884058406	18.85314856681368	122.576647603
mp-774907	0.5048	4.592648402511731	10.600474063325148	99.6661303539
mp-7752	0.6239	9.84466122485354	31.97633377184581	135.060277618
mp-776532	0.8502	4.651207890406623	29.211626216264847	74.1634635584
mp-7770	0.4593	15.191646903138235	23.40360616392944	108.78169433
mp-7773	0.3653	11.621835259348956	18.154235654085085	176.51921094
mp-7774	0.5742	13.466690846648582	19.863834125798707	200.14770221
mp-7786	0.722	5.458311883147484	7.555800297474839	157.039744265
mp-7801	0.554	5.676891345399936	14.974558150989788	104.107079101
mp-7825	0.8152	2.10854615927238	7.947365657776859	127.924552321
mp-7848	0.7552	2.14264073617494	3.7499217622975674	94.3465273459
mp-7849	0.7618	2.4118731568095186	4.220595828805323	98.9146219942
mp-7863	0.6854	5.144159263063104	10.980720765361504	161.13754298
mp-7891	0.2858	11.126060513124543	23.7286603432067	105.118064338
mp-7895	0.8184	2.774621232248149	6.119365858844362	86.4406493859
mp-7896	0.7487	3.293631618062149	7.8783308068161135	100.814128028
mp-7903	1.9285	2.3694290190829146	9.142986265803728	174.016812685
mp-7906	0.4975	5.9881511847702225	10.072830054309252	154.653268677
mp-7907	0.4299	6.613227264344119	9.201343748336178	164.780270347
mp-7908	0.566	8.756561380322314	11.013578409690869	209.528425618
mp-7909	0.4482	8.474859562312343	10.83639308631706	222.060475999
mp-7910	0.5216	9.94603491092333	13.201771190718858	221.434327157
mp-7911	0.7702	3.942019711206359	6.798114838361085	230.812017166
mp-7914	1.0897	3.8082128222096547	14.667249601160046	46.2201635489
mp-7921	2.5265	3.002064818339614	5.293046072588434	97.6427881543
mp-7931	0.6112	7.667881379951764	12.38311674721558	329.172097269
mp-7936	0.7281	11.505478824663903	14.796560579305027	122.96842952
mp-7937	0.7454	10.413652805527079	12.35534643389588	139.862283522
mp-7938	0.9564	10.013234296121917	11.81183982832814	156.1385294
mp-7939	0.7196	11.640388525104846	13.755612234516526	159.652039861
mp-7940	0.8986	10.854788761236364	12.650052778095429	177.371372847
mp-7955	0.526	8.364422021883959	12.506563614052238	153.865612356
mp-7956	0.2528	9.999452236953289	16.273092613369112	231.156598512
mp-7958	0.9295	3.717566889014767	17.446664180154304	72.6086723091
mp-7972	0.841	3.821050024276636	18.65590977174815	76.9893746224
mp-7979	2.0529	2.516395458442533	7.5518675220618405	132.194651408
mp-7988	0.6011	4.590587398451859	10.962163708488045	101.146613612
mp-8000	0.8209	3.254117222650543	9.540361073540865	118.936353642
mp-8016	0.3284	8.760956317923656	10.559405681763032	170.031465249
mp-8017	0.3143	10.475159556097276	11.929613959465375	214.984749559
mp-8039	0.7447	1.9117291555592326	4.717506232800297	46.7798391286
mp-804	0.4112	5.937266694315365	10.540821193587048	45.5275648758
mp-8041	0.5779	3.2671692928351126	6.291368359662354	112.989720469
mp-8042	1.0144	4.955239960269164	18.61319524098637	124.547868849
mp-8058	0.6872	3.608217501910982	9.836765104497925	155.982678802
mp-8062	0.5521	7.099490531509752	10.43092126087745	20.6871656569
mp-8098	0.4371	4.603317891587097	12.391798343288931	115.558153489
mp-8127	1.0526	2.5813976567389214	6.846333394842863	131.729223571
mp-8145	0.8008	4.078174636456402	18.052065806276538	57.3454409942
mp-8147	0.6922	8.101966106200736	12.650983789634166	273.663350717
mp-8161	1.3697	3.0088683184099656	6.806300553327459	159.375262959
mp-8175	0.5434	5.007251639233034	13.014294165045962	62.3897056174
mp-8176	0.5205	5.2205489661014175	13.86153842509839	66.5835900608
mp-8177	0.5175	3.930522501214544	11.676248203551035	42.3453272768
mp-8180	2.0399	2.6515149932260726	7.266094430440514	94.7642693028
mp-8187	0.6046	3.339972517001343	12.499183842364753	165.132636449
mp-8188	0.9046	3.890316011888539	15.902356310472904	53.5838524537
mp-8200	0.7015	15.558518728881973	16.179374032466487	219.147212833
mp-8207	1.2163	13.451220785183445	17.894905608797828	110.854662163
mp-8208	1.1456	12.663727939340196	16.46032427546974	110.895700079
mp-8212	1.3263	14.611234826845113	17.917362011305986	116.006926516
mp-8217	0.7931	2.1152085466688395	5.92934141849948	178.877384432
mp-8235	0.8764	5.546641593293822	9.675522826977787	265.356295163
mp-8256	1.7217	3.2695336771630563	5.869668033455059	99.2244461296
mp-8257	0.4901	4.419778610459595	10.871628294152215	206.579160458
mp-8262	0.8032	5.066610875429611	8.138632558877383	278.988203217
mp-827	1.1067	2.5780772813056387	5.804285045920318	129.609995743
mp-8276	0.6799	11.93769593293254	19.515676286499225	99.2794791069
mp-8277	0.3023	12.543315388000252	21.446548804837924	115.561303631
mp-8278	0.7046	8.847978634361866	16.404989151213204	122.939437142
mp-8279	0.4317	13.675364408639194	23.60054474783199	123.948411557
mp-8280	0.6925	9.77076888582811	16.896180508399958	132.45247815
mp-8298	0.5404	7.819370613974635	52.96406015312933	179.024954818
mp-8299	0.5206	8.53158239033999	63.02300276459238	186.669930252
mp-830	0.3957	6.132408197558418	10.73652142170256	22.7721193361
mp-8311	0.6982	18.79465328283932	21.67880488175774	137.816163261
mp-8335	0.8365	4.553291682712607	37.55057779337399	116.449874896
mp-8361	1.0192	6.008458269282484	9.822602492592798	339.875242959
mp-8399	0.6314	2.7036442561097282	9.683037217559862	88.6496202454
mp-8402	0.6815	2.250405905217092	6.382949029166179	66.9103367178
mp-8405	0.5099	17.623621244465262	32.20608611873154	133.877585682
mp-8407	0.5577	13.362548412560361	31.9286782413224	103.592886432
mp-8409	0.8427	3.6071930866638446	13.799396259641947	62.7925035495
mp-841	1.0525	3.1281213274675226	9.063785239763252	63.7662709819
mp-8411	0.4773	10.637373191179895	17.23221849027318	179.119585642
mp-8426	0.561	3.3580422737233833	6.148339225231405	110.15492165
mp-8430	0.5816	3.743798019041994	8.214381382498281	125.870688222
mp-8446	0.6464	6.403213827849601	11.217808118244347	202.428841885
mp-8452	0.5539	3.9939044477202477	9.50381871428655	103.381123165
mp-8454	0.704	2.220425841436885	10.002038310283965	31.9511824462
mp-8455	0.9732	2.7490994560707955	20.302521409338933	46.048992655
mp-8459	0.6585	2.9806169797142656	8.85275263734488	157.613668186
mp-856	0.4156	4.743936366706676	12.455887610462067	73.5279993937
mp-8579	0.3873	8.28742697382342	15.92949033706397	114.708015943
mp-8615	2.1537	5.872067469267308	16.484838750170603	105.828464812
mp-861937	0.3991	24.910447591651707	41.794091022872024	121.602804298
mp-862631	0.4811	24.05509729660204	36.79255322727745	134.31619011
mp-862947	0.4232	30.246471566243876	44.47127800692266	138.672714347
mp-864954	0.9625	10.911830024951394	15.232967015283862	76.5767728269
mp-865185	0.5544	11.128075413895584	19.17189632725732	78.4923250325
mp-865427	0.7796	2.361882586574937	12.763080245977253	110.789740593
mp-8658	0.4863	4.234710492010216	9.127056875966899	195.488636989
mp-866132	0.3091	36.823599780143454	188.39760211076617	104.671090321
mp-866141	1.0898	41.255879980275445	69.26650584101519	44.5061137918
mp-866291	0.4148	5.178659462320669	7.527584475538487	57.8466324441
mp-867169	0.4218	110.33084005916373	143.63936397872038	124.870682844
mp-867193	0.476	37.9682100215118	51.212927077747835	120.925276057
mp-867194	0.7103	9.03877129276683	15.177088790181655	122.773552287
mp-867203	0.3035	11.171864242267349	18.238003906113867	279.599364033
mp-867261	0.7492	2.4355240435888383	7.644349661563827	114.38863073
mp-867300	0.8229	3.8591889783813214	14.617562542838638	144.805918511
mp-867335	0.5885	7.858439368539252	13.443223054925374	261.481132248
mp-867339	0.2628	12.097287649532039	21.91773474793936	164.44930618
mp-867699	1.059	4.292813720461496	6.906084026300048	179.619250719
mp-867730	0.6145	3.681991927363113	16.37812725474972	250.26346084
mp-8697	1.1911	3.910622510428857	14.34307609439082	99.1196953769
mp-8703	0.6911	6.59876236361292	14.314406571634485	203.284063342
mp-8724	1.2757	2.918872647670134	7.339423068211614	238.707916613
mp-8751	0.5596	3.885550464098591	8.429961929904584	137.040995819
mp-8752	0.4348	6.178260943288731	9.686278631257693	182.253043885
mp-8753	0.5417	4.870635106513808	8.284638718517762	243.42380954
mp-8756	0.5159	4.10381556563368	8.356090304429834	142.454353503
mp-8759	0.9277	3.6511485329822033	14.7864015262237	251.982697066
mp-8789	0.537	8.62047086702407	27.865521958586072	154.306307523
mp-8799	0.5208	3.681124330146513	8.65566628113441	163.138318406
mp-8812	0.8032	2.021671497236256	6.000273551399898	155.291787244
mp-8818	1.3014	6.372050173352264	15.619099066169492	78.0668724011
mp-8857	0.8122	7.749372325769504	13.165038517898893	327.162872826
mp-886	0.4837	4.225063725261399	11.917611536074146	105.455579346
mp-8861	0.6952	2.176010158292879	6.33113793860819	112.790011565
mp-8873	0.7688	3.0566342181435595	6.576596439903428	70.0026354337
mp-8874	0.7587	2.7310074714271875	6.084266469897271	66.0152329344
mp-8880	0.6561	8.441216119018312	10.623806015936395	81.7835270752
mp-8881	0.6163	9.57732509178659	11.56580449147008	91.3318878415
mp-8882	0.4596	10.625597487115234	12.54784569247642	80.442904793
mp-8884	0.2932	8.825598855970508	11.066469427800742	111.760330681
mp-8891	1.0077	3.2362977346053023	9.687121778888812	140.304921366
mp-8922	0.4759	4.354081123794243	11.28247624073169	116.191027586
mp-8930	1.0981	7.091316453950973	11.676394168257861	302.551155903
mp-8931	0.3977	6.715031800897185	11.898861357215607	358.929072568
mp-8932	0.7766	5.769416164441842	10.341830742942644	319.615076572
mp-8934	0.4361	6.574405364655298	11.736398462137766	389.261569999
mp-9008	0.8716	6.461251746591182	9.897288164957642	212.577479705
mp-9010	0.6594	4.510940622025938	8.648124063968197	176.205628405
mp-9062	0.7974	3.1968890205202007	5.893068080851343	402.031585995
mp-9063	0.7556	3.6146682787834443	6.027707290915283	448.652076679
mp-9107	0.8287	10.35966384912186	38.72281088869219	227.545489138
mp-9124	0.23	17.2344562018371	23.18159058542749	50.6520291289
mp-9126	0.636	3.532791422737705	9.4230444888709	131.088875525
mp-9143	0.9031	1.8985289288968372	5.793845098595382	89.9885301892
mp-9144	1.1015	2.0376011289595697	5.86070437445766	97.3153777226
mp-9166	1.0149	3.2845815937779763	7.981625138559567	43.4668072341
mp-9195	0.6854	6.078279111312138	13.31630849907956	157.899147888
mp-9200	0.587	5.107832615474494	14.225932258538885	140.228652218
mp-9205	1.3516	2.585082814891614	6.553300624534982	182.811024081
mp-924129	0.7956	21.85655290334607	27.07025314367054	56.0032879947
mp-924130	0.9201	23.51070174755505	30.282079216368576	50.6740658754
mp-9244	1.3417	15.230739955847785	21.274793975847253	45.245598738
mp-9250	0.5012	4.195266061047932	8.451105010498893	154.442299465
mp-9259	0.7129	3.525774695304782	11.873041535896352	134.874768303
mp-9262	1.6233	2.3261404288644574	5.809618337079466	181.606585124
mp-9268	0.7483	3.739899886759975	6.1040269513306695	398.899415305
mp-9273	0.4718	12.909385875250477	20.61340899754518	233.694040071
mp-9274	0.5612	9.49240834328761	16.895510303810966	255.770861511
mp-9295	1.0443	10.218128242445184	10.584835246510428	201.26681664
mp-9306	0.5903	6.304520735915483	17.45523627099646	92.4665402287
mp-9307	0.9935	7.571837608797138	34.16619173932661	109.685245809
mp-9317	0.9313	9.202343664026362	35.40109687775319	250.952031713
mp-9321	0.5915	7.447796314782132	35.54285050299297	187.16092335
mp-9361	0.8376	4.792840196357799	12.1375886824565	118.846996823
mp-9382	0.4964	13.609690899224875	186.30378733796846	56.9654147921
mp-9383	0.5055	12.258012957907997	134.49524722629334	55.892795117
mp-9384	0.6133	5.985050798147176	9.023732122530209	171.440706754
mp-9385	0.5356	7.550057071303197	11.277721469312292	167.934875993
mp-9386	0.5706	6.788395492481791	9.609561025153239	177.464877445
mp-9437	0.558	24.100925050254297	42.77377557264507	51.1351353739
mp-9486	0.7802	1.8686599244559285	5.990373649088707	129.058654684
mp-9514	0.629	8.12045095823048	20.21679260785935	57.044504355
mp-9517	0.5853	8.445721164978362	26.598159493040594	113.574627759
mp-9562	0.6218	8.704592702892846	14.435292814216393	84.7565970091
mp-9564	0.7256	9.265490740439994	15.909211029993324	114.459066428
mp-9565	0.6328	10.88401440811545	17.12886054165022	138.836396543
mp-9566	0.6389	10.395325320914553	16.077301466669002	148.028153222
mp-9567	0.6686	11.027258959002165	17.25417249807377	158.427509038
mp-9569	0.681	11.869593109353495	19.704195960360714	92.3401157569
mp-9570	0.3322	12.653328620848384	22.72057948642453	108.218452353
mp-9571	0.4997	14.746586014158325	23.26329998081402	101.434420025
mp-9573	0.7335	8.35844480804388	12.517295887082664	111.073533548
mp-9575	0.744	13.555645296138906	18.369390522721545	99.0524108321
mp-9610	0.8998	2.663936757317161	5.015136249305351	58.1926521966
mp-961646	0.4135	21.338780700426465	32.15718783171837	56.9818409393
mp-961648	0.6493	9.215475760685514	39.38464788360733	93.3765134419
mp-961649	0.9222	19.84407488474218	34.57149356042981	54.45101819
mp-961657	0.9546	17.348970637615253	19.800724879821484	51.0003834267
mp-961659	1.0814	20.50063590870149	25.280598789508527	49.0636996531
mp-961660	0.7759	20.96436980230423	37.5220960076298	42.3935179138
mp-961661	0.8869	18.670195613623907	22.274294015084944	54.9451328747
mp-961673	0.8104	20.797697069919387	36.9869423018079	49.1100349671
mp-961675	1.3153	16.568277107378478	20.050163477640044	44.1949817827
mp-961678	0.8984	17.739852249478833	25.31443943005857	53.4146990247
mp-961682	0.9579	23.30435642362475	28.586364872452577	57.7149408482
mp-961683	0.7012	8.86328314157792	21.906765934552975	53.5503984343
mp-961684	0.7624	6.716577684021958	10.454390776830575	71.5255262516
mp-961685	0.4231	6.587284482772136	10.546828527486033	81.2201642123
mp-961687	0.7702	20.268506991639075	24.15656495373599	62.8903492793
mp-961693	0.5858	26.404700356598376	29.52477806772496	66.2028271081
mp-961698	0.4757	12.940822058465557	20.040890070921137	44.7035021135
mp-961706	0.7341	17.90826160084959	22.941062739572374	49.7906389386
mp-961713	0.9274	17.013679884915472	20.894989998499913	63.6852185215
mp-961774	0.5349	12.442670567800008	27.946177022767515	102.014086317
mp-9636	0.9455	2.0934996277953744	5.604152120831073	149.591157608
mp-9664	0.8682	4.358215898677905	9.109222044572835	336.888334329
mp-966800	0.2262	11.15297592060012	13.872854886327232	101.691414273
mp-9672	1.0454	8.011450845327625	12.627989544515293	237.376800217
mp-9675	0.7297	4.759783750210056	9.854900311049095	421.735147825
mp-9687	0.5588	6.95640035109479	12.4875033720499	217.357955678
mp-971	0.624	3.192136355411096	8.755781781271436	63.4516301812
mp-9718	0.6572	4.654465803903122	8.989672352971933	402.84583623
mp-9720	0.7314	4.370366699051271	8.952462211260292	376.21252425
mp-972937	0.7766	10.399087230516967	28.276027756920506	91.8850704005
mp-9731	0.626	4.788396149219556	8.492152176415454	191.51069711
mp-973185	0.8316	6.089303263588238	12.986065792395197	54.027907859
mp-9732	0.5714	8.809991656107703	20.275177828581516	248.824874614
mp-974381	1.1662	23.75809137437032	25.27620583780849	158.954965605
mp-974603	0.952	3.419576992176101	7.765753098382914	100.799473261
mp-975115	1.5827	2.7388680866219794	5.616071447520519	223.204977869
mp-975140	0.5458	9.508060342783292	19.940851221154098	159.818300311
mp-9755	0.6821	4.688438674563959	17.90212988951709	122.680437952
mp-976280	0.6274	2.84167546630649	4.7958401510594495	97.990188999
mp-976876	0.5611	6.449095405182708	10.680355266471905	116.851109756
mp-9775	0.3277	8.748477264737687	18.04727432606736	237.938107801
mp-9778	0.6308	6.563755996919522	11.507627003862149	218.506829132
mp-9780	0.9204	9.144254688657863	15.396266356486512	375.66760262
mp-978847	0.626	22.483714220099955	28.54488580225202	74.2500448811
mp-979137	0.6367	16.159872923768116	21.826553574303105	72.1626189589
mp-9794	0.9957	4.371397293637028	8.970184213451788	405.968275908
mp-980057	0.5884	14.519016970745122	20.329447743507604	74.9359573523
mp-981	0.7138	2.2809311212656116	7.300012518565516	47.6046236613
mp-9812	0.8329	3.4699268066761877	10.258228983994961	92.7865883918
mp-9821	0.9347	2.062065359954365	6.117328190013059	134.791531059
mp-983565	0.6666	10.03407996632199	10.848360326107365	132.280517623
mp-9839	0.7493	2.1109395442454106	7.73813255053072	119.746556406
mp-9844	0.7338	2.518339328217932	5.8870027099965005	178.169606267
mp-9845	0.4718	5.955503420729107	12.581988488075968	204.003562179
mp-9846	0.48	6.186359292395204	11.682269731471566	237.976819091
mp-984761	0.3543	7.885165224646705	19.744485658735975	170.133351228
mp-9855	0.8364	8.145671787529125	28.190258103064775	248.089675115
mp-985586	0.5413	3.2620866699543956	9.452225948109627	93.7848895183
mp-9856	0.9199	5.070970551743074	10.925637059841941	433.849604642
mp-9881	0.6097	5.094451648877207	9.13079225111386	174.898921647
mp-989400	0.7198	2.199723200884983	6.903011257389361	148.077292515
mp-989405	0.5624	3.8003390006537225	14.20798848315633	314.589502689
mp-989407	1.3897	9.35470621715408	24.304808169561472	126.464675626
mp-989513	0.9875	7.362675561855461	16.34782385195201	149.256273664
mp-989523	1.1367	2.414218653636845	9.740511596474116	161.490260887
mp-989531	0.6896	2.3481403309475644	7.949270520542944	178.893125306
mp-989535	0.7462	7.488991649204782	23.59206730079735	160.974860199
mp-989539	0.6436	6.19091969444138	19.298323000505714	153.860393529
mp-989558	1.0105	2.725933168266437	13.072108666011482	189.660819585
mp-989561	0.7238	3.056447184952602	21.19001674311028	148.278145955
mp-989562	0.8998	2.673936121708194	12.657641885203791	166.32299743
mp-989571	0.6506	2.9855871932911433	8.912953895709721	289.607301813
mp-989575	0.7435	6.407354894036989	19.419123072639966	163.851189858
mp-989608	0.7265	3.393288108057774	10.360108156350442	284.857003027
mp-989610	0.586	4.168270845806608	10.46777611324363	166.239958437
mp-989616	1.1698	8.498201103568336	17.91599124602497	143.069224148
mp-989618	0.6694	2.341407503689665	9.826829930901228	189.586687943
mp-989638	0.8683	12.416613108144947	18.468218166889216	134.739253896
mp-989642	0.6145	3.901526186895057	9.115237093737791	151.842415718
mp-989643	1.4755	14.031594129703292	24.097757168347375	153.165552995
mp-9900	0.3219	9.128209818719663	11.936193576608215	259.11128575
mp-9915	0.6096	8.107358801708907	13.963446010643024	76.4663891765
mp-991652	1.2442	12.477459521836785	13.438097731988925	195.367973148
mp-991676	1.0163	10.88522419594591	11.312723775012103	201.153063564
mp-996962	0.9264	7.025463607207125	11.344241023491774	89.5847151346
mp-996983	1.532	9.766179192755756	12.462313544457045	113.775397714
mp-996997	0.7626	6.764874522903484	10.253160510212037	91.4001634709
mp-997002	1.1592	3.376446351818045	6.013199051722384	153.320827036
mp-997041	1.0249	4.270867865617185	7.048861422922667	105.286387777
mp-997089	0.8891	4.408653424239702	7.579270187373009	53.6215167584
mp-997618	0.6134	11.669404931769963	12.307763907474401	35.6770857501
mp-998156	0.8192	5.259411959577706	114.36412874616789	169.079775513
mp-998198	0.5948	3.004537727544709	55.27852145696243	178.034964039
mp-998433	0.5786	3.0408168192011864	6.485896739854777	378.926387742
mp-998552	0.9739	4.6797231747204915	43.87845226872114	71.5428076228
mp-998599	0.5899	3.1509519071172214	7.118465139111011	313.251959667
mp-9986	0.5771	4.1263322821049915	8.0458920777476	312.071041436
mp-998603	0.7467	4.166434594340694	13.408480854931858	354.07014604
mp-998604	0.8008	3.5403750120090733	13.053298529855402	312.213102323
mp-999498	1.6006	4.613953686865667	4.972619254814037	26.9793670107
mp-999549	0.7711	13.293018802820932	13.327182122598252	28.2966139798
