Name	Frequency [meV]	ZPR [meV]	Reference_Alpha	Reference_ZPR [meV]
mp-1000	16.865479799086604	-29.808366	1.726851	-29.124171
mp-1002124	79.9051566490694	-11.136764	0.139134	-11.117524
mp-1002164	96.35419974241863	-28.186202	0.291462	-28.083588
mp-10044	86.08310481517674	-0.717921	0.008339	-0.717847
mp-1008223	32.23567250172557	-43.2258	1.317878	-42.482682
mp-1008506	353.5228027477462	-7.76812	0.162606	-7.755427
mp-1008556	340.2829368563282	-60.535484	0.61931	-59.854204
mp-1008559	200.04693947102405	-1.385076	0.013762	-1.384843
mp-10086	310.42816700513794	-60.975103	1.307942	-59.410186
mp-1008680	58.66350168205296	-6.388013	0.201012	-6.370733
mp-1008786	30.797602338003585	-25.20173	0.809846	-24.941314
mp-1009009	70.9650181481014	-647.521395	7.65369	-543.144259
mp-1009082	228.26267062731264	-1.628723	0.05504	-1.627152
mp-1009084	316.7894947168896	-3.271602	0.116268	-3.267452
mp-1009085	612.9924776517188	-6.805536	0.107356	-6.794321
mp-1009087	414.78064877877836	-4.015556	0.078069	-4.010765
mp-1009088	433.9674569663177	-2.382667	0.070925	-2.380746
mp-1009127	74.20791756683384	-171.879834	2.245306	-166.619483
mp-1009129	121.36952544338327	-157.723823	1.900708	-152.256793
mp-1009220	104.7330994801485	-248.904493	2.301784	-241.072974
mp-1009733	57.4233727423364	-13.19395	0.381083	-13.118159
mp-1009750	87.3101940014503	-100.113655	1.129883	-98.650304
mp-1009792	88.60975659062115	-10.704574	0.120625	-10.688552
mp-1009813	42.961740266192926	-0.16395	0.003816	-0.163942
mp-1009819	55.774685539733376	-233.987929	3.946675	-220.124549
mp-1009820	79.21699017478804	-7.18751	0.09063	-7.179436
mp-1011695	35.36966743983174	-42.660568	2.607604	-39.679392
mp-1014244	315.9920226024247	-138.672079	1.85611	-133.797014
mp-10159	60.0434657449585	-13.704419	1.10056	-13.546004
mp-10163	213.69688141458116	-22.524449	1.082913	-22.096638
mp-10167	331.144290545176	-82.12832	3.47544	-77.234042
mp-1018040	141.53625476628554	-29.726945	0.708408	-29.24784
mp-1018096	155.04779666259552	-132.903505	3.102822	-120.737514
mp-1018100	84.26567418727035	-2.98013	0.07329	-2.976225
mp-10182	84.58164730574559	-17.619225	0.399057	-17.527563
mp-1020019	2213.902883858003	-205.838177	2.047043	-197.56648
mp-1020059	1718.7357903531083	-67.742686	0.756314	-66.720544
mp-10219	531.8684617907975	-193.245715	3.019243	-180.079894
mp-1022	77.40847190611721	-74.365157	2.458671	-70.383303
mp-10223	633.9747147264995	-46.813265	1.87262	-45.592632
mp-10226	195.66939539780094	-75.824792	1.876502	-73.071335
mp-10246	635.3515811759166	-44.767677	1.928726	-43.65698
mp-10250	225.6565768525385	-270.588323	5.057729	-231.687507
mp-10281	240.36296215091807	-20.062216	0.471988	-19.828995
mp-10289	702.6204392335931	-18.15246	0.216002	-18.105954
mp-1029	127.99684675557687	-213.557136	4.578056	-191.100948
mp-10322	512.0785743117667	-57.301663	1.246679	-56.229388
mp-10341	988.3853249310688	-141.177276	2.360102	-136.048057
mp-10378	33.93732517288063	-13.695401	1.464184	-13.33372
mp-10381	261.83810852290924	-23.134178	1.541872	-22.658956
mp-10408	758.0239694695706	-171.959851	4.494341	-165.691211
mp-10417	739.7021605434094	-156.863909	4.356767	-146.89734
mp-10418	703.2139113740385	-226.989448	6.777982	-202.621442
mp-10474	204.21815105486402	-289.431162	5.587789	-272.013306
mp-10485	135.0758985432137	-18.918596	1.131544	-18.613597
mp-10492	481.2020552039568	-215.84246	6.820168	-200.346047
mp-10547	584.7673626703232	-49.749078	2.488735	-48.359469
mp-10550	336.0555877484681	-54.055148	0.955493	-53.164787
mp-10572	930.3569704910932	-198.983636	2.254952	-189.641027
mp-10614	142.29622466564695	-55.182245	1.762996	-54.077897
mp-10615	130.31419249811597	-24.320593	0.847245	-24.091791
mp-10616	112.59055796411756	-15.752388	0.785733	-15.641872
mp-10627	33.04587419471805	-97.079824	2.821312	-93.232717
mp-10653	17.89854423661973	-32.132028	1.753341	-31.38225
mp-10680	20.24486445192182	-63.290373	2.993544	-60.603891
mp-10694	311.8672379999203	-5379.886223	19.588898	-1313.369348
mp-10695	42.00711286126367	-19.734648	0.467033	-19.618708
mp-1070	52.95537752811997	-5.838578	0.235867	-5.80641
mp-10748	121.71734318650525	-7.310348	0.147761	-7.288559
mp-10760	37.894032192233354	-44.306044	1.151771	-43.645247
mp-10776	640.606535642799	-44.695052	1.696001	-43.554576
mp-1087	35.22331450775401	-68.671956	1.899974	-66.92338
mp-10918	185.80177186483309	-45.420635	3.244707	-44.260297
mp-10919	161.78651626173516	-29.816595	2.207764	-29.324192
mp-10955	228.08452269857466	-0.008948	0.000882	-0.008952
mp-10969	433.06064199067947	-124.737418	2.53872	-121.941171
mp-11019	585.5384575099832	-57.604747	0.849071	-56.737001
mp-11020	541.0325589876738	-49.044551	0.786434	-48.307112
mp-11022	652.9648099826983	-97.213038	1.407031	-94.75683
mp-1105	63.468479195680395	-161.206578	3.5035	-149.216773
mp-1106	447.7826270194704	-8.739102	0.359389	-8.685784
mp-11123	444.5501577492261	-26.368528	1.390371	-25.694269
mp-11175	674.5577773302168	-77.347178	2.028469	-75.254713
mp-11265	367.36398613713635	-5.665422	0.39185	-5.634872
mp-11327	42.219727426599825	-45.759059	2.575686	-42.941967
mp-1138	79.48826915578833	-501.768164	5.695528	-452.727671
mp-1143	996.4275649512997	-201.169712	1.854077	-191.06176
mp-11520	48.26477184496075	-5.072869	0.197727	-5.059627
mp-1153	206.67765616462475	-83.124011	1.427721	-81.395721
mp-11583	669.1245674072925	-45.546232	0.650485	-44.996048
mp-11659	1844.5466690533087	-428.892582	6.279855	-387.272032
mp-11674	741.5116796431405	-21.271796	0.808544	-21.063998
mp-11695	332.53543744769775	-27.502188	2.368317	-27.035862
mp-11703	441.93970084730887	-58.852177	2.62605	-56.642704
mp-11713	1365.763940968406	-38.864074	0.331849	-38.558498
mp-11714	666.1463795326852	-41.592932	0.34982	-41.30001
mp-11715	1989.1145693069525	-198.793121	2.698214	-191.615499
mp-11718	32.93086960742244	-201.934441	5.554849	-182.926002
mp-11719	258.3422511215122	-33.98808	1.546536	-33.173216
mp-11739	95.69833695165879	-37.911493	1.864534	-36.501236
mp-11824	153.87720893890946	-63.957785	1.562426	-61.838015
mp-11869	45.043679790613005	-4.834366	0.195518	-4.821478
mp-1190	30.3558801731636	-8.113809	0.266401	-8.086837
mp-11917	676.3864900537124	-179.867613	1.73241	-174.165254
mp-11918	1314.295062247464	-111.435614	1.614465	-109.115446
mp-11919	1064.3039564122528	-92.999811	1.448385	-91.221075
mp-12015	618.4593477564612	-62.753317	2.179753	-61.262157
mp-12016	779.6020980491368	-114.041152	5.793768	-106.638854
mp-12317	627.9148356758518	-145.504987	3.000544	-142.453398
mp-12418	426.7865850931221	-8.906843	0.467354	-8.843928
mp-12427	1026.9228129174464	-556.114584	5.877745	-405.841532
mp-1243	961.2883037099509	-97.939666	1.248987	-95.186479
mp-12442	595.6307303950044	-1515.848428	39.658851	-724.589857
mp-12444	378.05450372063444	-49.935218	1.372376	-48.54983
mp-1249	568.713304585563	-300.4528	4.026755	-267.628969
mp-12509	560.2985114066241	-50.529205	1.010417	-49.530315
mp-12525	453.3229837651671	-199.897123	3.376909	-187.343045
mp-1253	20.893233416725842	-46.199092	2.146811	-44.85382
mp-12532	368.0315363187081	-19.08386	0.754166	-18.883873
mp-12535	362.84507260880946	-60.827277	3.127632	-56.887725
mp-12558	78.39928224884312	-22.148756	0.562846	-21.991845
mp-12622	849.7125057276929	-294.39971	6.594393	-245.319538
mp-12623	798.1200450491286	-273.492906	7.32756	-230.816339
mp-1265	86.08062341585361	-173.62141	1.963719	-169.038155
mp-1266	94.65683575642704	-40.537873	1.501034	-39.637531
mp-12779	62.209094597216406	-4.19966	0.207348	-4.182001
mp-12814	260.1274401008801	-22.93219	0.955777	-22.462215
mp-1287	388.3403298885246	-102.416708	3.670466	-91.251835
mp-12885	1469.5161143464657	-199.532686	6.435173	-187.664916
mp-12894	371.1544890298264	-110.105583	1.775098	-106.175817
mp-12903	166.0935679158539	-11.288508	0.547342	-11.172288
mp-12908	117.49594116568959	-17.90146	0.635843	-17.694249
mp-12927	1026.022792840288	-80.211739	1.446617	-78.76184
mp-12954	466.09997769818114	-9.852087	0.147259	-9.826255
mp-12992	375.3475824200308	-176.240101	6.418193	-165.70946
mp-13031	41.30410761903005	-29.047698	0.697039	-28.790573
mp-13032	52.350184911538264	-48.253485	0.910984	-47.69018
mp-13033	35.1227764785122	-18.260111	0.516509	-18.14123
mp-13056	802.8497038219682	-223.970657	3.388672	-197.632347
mp-13097	120.87086343540872	-6.71488	0.263025	-6.687021
mp-13099	74.3078476532415	-46.705695	0.623581	-46.336963
mp-13109	1024.155196589399	-204.489458	2.797316	-188.129817
mp-13133	1244.1620242070812	-365.176127	6.391442	-306.536159
mp-1315	49.21398979936559	-67.357406	1.344628	-66.174506
mp-13190	161.54746238661113	-273.953339	7.814317	-212.332791
mp-13275	385.83018768991	-26.151052	0.838212	-25.743486
mp-13276	224.58894652243427	-44.899236	1.382641	-43.971465
mp-13277	232.92267238548672	-37.624902	1.300589	-36.921275
mp-13287	262.16543404328775	-29.559386	1.161403	-29.00185
mp-1330	108.78836354495009	-131.950041	1.194116	-129.905926
mp-13356	790.6774020900058	-145.660131	2.974056	-136.929709
mp-1340	561.4927013735387	-10.112833	0.473591	-10.051307
mp-1342	48.69439718810052	-162.874711	3.191754	-155.420541
mp-13445	291.8247936977821	-19.485747	1.631036	-19.09986
mp-1345	497.22139024085544	-32.045887	0.823958	-31.517147
mp-13548	80.57970024106683	-37.316196	4.006703	-34.215996
mp-13610	614.1464648139332	-154.561442	3.714593	-143.875388
mp-13658	1599.4153796567657	-602.612293	22.846224	-501.216784
mp-13660	287.1288075137573	-21.142971	0.816863	-20.886391
mp-1367	59.00726647294717	-8.424725	0.199842	-8.394806
mp-13676	1619.5337010145395	-110.637804	4.603765	-107.877072
mp-13798	356.9174893630741	-402.820883	11.869773	-289.496898
mp-13800	349.7192270162889	-233.808863	6.480525	-198.543427
mp-13868	946.5185558798554	-39.366072	0.732448	-38.88869
mp-13898	279.53202416434766	-204.748205	5.429012	-180.346896
mp-13900	512.8059634380155	-40.778906	1.362985	-40.071943
mp-13903	727.0062256549506	-200.537877	4.037648	-184.028105
mp-13907	714.5449029368276	-186.87704	4.295344	-171.577382
mp-13925	312.9074902241594	-216.475241	5.575884	-185.823946
mp-13926	356.7890728124369	-283.685674	8.09405	-235.123925
mp-1394	78.13502149226173	-99.0967	2.520173	-91.738327
mp-13948	528.3505199354247	-207.79282	6.559879	-182.343837
mp-13949	258.95325434817556	-4.234711	0.209385	-4.220941
mp-13983	839.7655353157027	-315.590931	6.240644	-273.924329
mp-13984	803.4546482986177	-320.392324	7.532864	-274.480453
mp-13992	423.20759667873494	-32.800164	3.315243	-32.144253
mp-14006	620.1963645036363	-236.71544	6.077217	-216.300407
mp-14017	162.05774147908343	-10.032723	0.783569	-9.906622
mp-14036	313.01551794369146	-534.225812	17.092898	-348.460058
mp-14037	313.94792855334777	-184.772526	7.419225	-166.107204
mp-14038	419.2554347558091	-361.188653	9.766166	-285.345028
mp-14039	292.0800469748206	-525.85887	12.431137	-348.888853
mp-14069	425.16750512010947	-126.639907	3.726325	-122.100137
mp-14070	459.60201173270184	-180.031787	5.986541	-170.178013
mp-14088	362.76260743797104	-339.389652	13.975887	-275.246919
mp-14091	290.72148498107697	-8.692767	0.286982	-8.647345
mp-14092	268.717271188072	-4.346665	0.160261	-4.333567
mp-14116	369.1492867794738	-9.489258	0.125252	-9.471109
mp-1413	333.70944123111866	-17.983135	0.371969	-17.874044
mp-1415	32.30851811452135	-46.652053	1.417142	-45.785759
mp-14175	1154.6617678413713	-400.962653	13.774421	-327.272621
mp-14205	275.09731278638543	-16.487245	1.086883	-16.273908
mp-14206	223.22278731109634	-13.788898	1.003756	-13.638125
mp-14285	1190.7790974399218	-16.538578	0.310214	-16.464164
mp-14333	1774.0203664412006	-315.22529	3.262862	-289.323
mp-14398	1838.3356769195484	-204.152539	3.228305	-195.877927
mp-14437	277.7693332055094	-181.376108	2.927766	-169.492123
mp-14588	452.95828423531685	-31.362663	1.705751	-30.62869
mp-14652	231.50117796924317	-36.574564	2.383003	-35.344492
mp-1479	101.25453743203364	-1.171278	0.011566	-1.17111
mp-1500	30.788164749244643	-70.185605	2.211044	-68.073988
mp-15157	376.12818515476397	-224.207547	5.828016	-179.539973
mp-1519	27.066785370365707	-29.932542	1.090306	-29.511077
mp-1522	549.71449961774	-26.566099	0.475667	-26.356469
mp-15349	1713.629190480424	-178.760522	2.169134	-170.597652
mp-1541	71.08197063386567	-25.095687	0.351499	-24.985241
mp-1550	60.62750029664507	-15.62735	0.256934	-15.577266
mp-15556	276.34933176452523	-22.513313	1.808588	-21.988897
mp-15557	245.23819221504863	-21.928945	2.034995	-21.392349
mp-1565	191.09477031900443	-220.852121	2.604324	-210.328837
mp-15668	147.26782814382202	-15.084369	0.697597	-14.88814
mp-15684	320.79905554182477	-28.123045	1.591273	-27.44914
mp-15685	383.8396587808882	-16.801366	0.769039	-16.624854
mp-1569	163.53599376917782	-63.599109	0.540393	-62.97519
mp-15703	1598.930816132612	-74.137001	0.513392	-73.488191
mp-15704	1258.8007127962605	-97.285715	0.768506	-95.847662
mp-15724	71.35416359694996	-8.236892	0.500298	-8.189347
mp-15776	352.19562631977453	-9.236452	0.330123	-9.188066
mp-15777	278.7186007879007	-6.816362	0.304611	-6.783086
mp-15781	167.21178984249102	-93.124423	2.590219	-88.055179
mp-15788	219.93535504584494	-69.067305	1.521833	-67.068746
mp-15794	158.5606930060113	-48.120162	1.37256	-46.777695
mp-15896	776.5113208159083	-2.044764	0.065931	-2.042564
mp-1591	792.1842359646371	-48.324992	0.579278	-47.841415
mp-15951	1399.4269350391187	-343.099054	3.007256	-314.068619
mp-1598	242.29123275092277	-9.977305	0.368763	-9.915621
mp-15988	97.92658391583566	-6.625423	0.215986	-6.608727
mp-15999	907.440635663564	-45.833908	0.960208	-44.970028
mp-160	873.2434748962282	-2.034523	0.023305	-2.034024
mp-16236	135.58955233876543	-15.613217	0.887375	-15.36023
mp-16264	703.9112797041432	-20.46274	0.792932	-20.23705
mp-16337	254.14015852309595	-2.787397	0.162211	-2.781337
mp-1634	82.22852805629816	-1.412853	0.038543	-1.411961
mp-1639	158.84235664317885	-83.205516	0.520388	-82.659657
mp-16577	1308.0992107852403	-6798.393622	28.131922	-1580.468083
mp-1672	42.7226533057446	-66.7765	1.531493	-65.429447
mp-16742	263.6377681959965	-28.396785	1.178464	-27.762096
mp-16763	119.3093519266925	-32.958549	1.448525	-31.999406
mp-16764	160.55450149780518	-34.534031	1.594373	-33.237707
mp-1700	109.68137780468622	-89.2317	0.805197	-88.315118
mp-1747	57.49940281759685	-39.34278	2.222963	-37.900127
mp-1778	134.12413715450268	-206.094852	1.506149	-202.010938
mp-1784	28.922371648530618	-170.771867	5.37498	-155.457173
mp-1794	122.76910496793809	-297.145205	2.34269	-287.609955
mp-181	292.39887783818295	-0.815203	0.068073	-0.814671
mp-1873	456.02172885500113	-196.504481	3.673605	-180.014764
mp-1922	140.85470949253136	-5.99561	0.170173	-5.979824
mp-1958	20.14405760442	-29.634432	1.443271	-29.073332
mp-1960	314.97601364957245	-208.101797	2.281948	-200.756635
mp-1968	333.632956232649	-242.708271	3.574025	-217.824839
mp-19717	13.842647414990749	-5.344701	0.384244	-5.318954
mp-19734	708.3533029387776	-245.776933	4.78408	-220.349208
mp-19765	222.1902150177623	-1.689218	0.110359	-1.686678
mp-19795	384.4552856816236	-19.81702	0.588857	-19.610624
mp-19799	531.6728199968315	-210.281957	6.185036	-189.663452
mp-19833	204.10298104094684	-2.017628	0.07829	-2.015172
mp-19851	131.6128907331893	-13.278444	0.693243	-13.090819
mp-1986	63.35211397442261	-26.058204	0.409211	-25.924382
mp-20015	587.4080223376685	-106.17475	2.099577	-103.414475
mp-20027	553.7801772883677	-22.539378	0.398426	-22.401662
mp-20072	290.8360098311701	-106.160934	2.324044	-103.101164
mp-2008	392.8511209697338	-15.256267	0.370156	-15.167383
mp-20098	433.75877128324316	-110.147529	2.60167	-104.3088
mp-20187	325.5648393531435	-19.621264	0.749719	-19.396755
mp-20256	565.0346094107073	-21.435952	1.021323	-21.103569
mp-20282	439.6441500621578	-524.68735	7.336683	-275.57686
mp-20289	182.77740514882242	-53.996709	1.472067	-52.532911
mp-2030	239.66027949059645	-7.56118	0.147914	-7.543467
mp-20329	502.50969885030605	-41.069968	0.672897	-40.558968
mp-20351	39.953477831789336	-1.761551	0.044066	-1.76059
mp-20459	411.82280424295504	-147.781757	2.1412	-140.461607
mp-20463	262.4501580729538	-299.894618	6.671296	-274.098047
mp-20620	435.7085349370516	-361.440193	5.025655	-310.317146
mp-2064	32.58607503580913	-195.682677	5.454824	-177.751313
mp-2068	508.6598842936532	-70.982074	1.170012	-69.577063
mp-2072	153.16958829393482	-16.957043	1.121152	-16.617982
mp-20731	271.52754277048365	-3.713809	0.204589	-3.703728
mp-2074	118.25392594559251	-25.098538	0.773888	-24.897774
mp-20782	255.66781960937925	-11.038991	0.571456	-10.955276
mp-2079	454.10737890519914	-36.827323	2.182005	-35.891264
mp-20790	444.3825888529358	-33.40262	1.500991	-32.988601
mp-20832	229.60336654592982	-3.407271	0.180752	-3.397858
mp-21166	303.2356615047825	-4.333871	0.314726	-4.314584
mp-21228	304.17495386189483	-34.339379	1.129706	-33.585914
mp-21276	26.61578690772279	-13.006385	0.485684	-12.926861
mp-2133	134.12547711013715	-40.447015	0.599732	-39.824025
mp-21374	221.01236506539055	-3.470741	0.198507	-3.459906
mp-2150	66.78322753181384	-9.829838	0.640528	-9.701176
mp-21510	453.5806646778767	-10.733397	0.551648	-10.640742
mp-21511	654.3003156410646	-21.092204	0.792982	-20.815769
mp-2172	48.12001941544644	-9.856372	0.204308	-9.831305
mp-2175	27.458412218537397	-84.95884	2.964253	-81.393681
mp-2176	25.26644331246456	-4.297389	0.169724	-4.288322
mp-21855	134.62123588090367	-4.802791	0.22382	-4.792166
mp-22003	439.6878392329069	-272.329046	6.83326	-258.293701
mp-2201	17.21651508999756	-7.311067	0.422402	-7.27229
mp-22255	139.52643297752644	-13.532823	0.7868	-13.314599
mp-2229	64.0079602225203	-74.138024	1.141155	-73.043004
mp-223	1151.3962587391395	-126.481438	1.860497	-122.429335
mp-22304	315.3160191204922	-7.359716	0.33663	-7.321101
mp-22313	448.27309627401314	-105.413803	2.369184	-101.778811
mp-22323	578.8420374979719	-53.736864	0.823493	-52.64191
mp-22450	1197.8233310593896	-98.931167	1.807043	-95.439035
mp-22473	124.60881442610058	-29.70288	1.154984	-29.061177
mp-22483	152.44116938696686	-13.48991	0.801672	-13.292075
mp-2251	325.16812977202494	-51.629658	0.756533	-51.112456
mp-22607	315.89807682405126	-7.176759	0.303959	-7.14218
mp-22660	320.7177070006818	-40.661841	0.6484	-40.205249
mp-22851	28.435876768570445	-144.517516	4.704021	-133.762958
mp-2286	184.83598643428087	-60.658269	1.259894	-59.638272
mp-22862	31.617485624021782	-119.135703	3.570748	-112.89807
mp-22865	19.38740864448602	-139.39096	6.354297	-123.193352
mp-22867	15.172710537508323	-72.097972	4.425743	-67.150525
mp-22875	13.417769815889224	-29.442783	2.130939	-28.592445
mp-22888	238.5760858200104	-122.948162	4.244849	-107.17279
mp-22894	33.81058356678664	-8.796972	0.571452	-8.680629
mp-22895	19.482491730882508	-4.723052	0.241695	-4.708821
mp-22898	16.707129301281583	-54.73494	3.129643	-52.28735
mp-22899	35.52652496237734	-104.849658	2.833756	-100.673499
mp-22901	15.504849972573707	-59.172588	3.613646	-56.02904
mp-22903	12.42150866598353	-49.00693	3.727597	-46.302384
mp-22904	306.12081758310046	-201.205397	5.610566	-168.399105
mp-22905	49.57060410308804	-171.63402	3.29769	-163.468491
mp-22906	13.529424514098627	-57.015983	3.96322	-53.620089
mp-22909	286.0219049036991	-75.037205	3.275246	-71.527375
mp-22913	20.051315304718322	-4.22119	0.209969	-4.210155
mp-22914	24.675642811956962	-14.276004	0.574348	-14.172407
mp-22916	25.233432430135963	-77.991588	2.961256	-74.72265
mp-22919	12.205126509341776	-16.976248	1.366071	-16.673072
mp-22922	21.60762414618706	-34.366312	1.557797	-33.660295
mp-22925	15.114104021161724	-8.593421	0.564516	-8.532153
mp-22934	261.09463165771547	-107.199983	5.540795	-97.052532
mp-22935	169.07113544063046	-308.319103	8.416415	-203.501033
mp-22936	236.84881683650966	-114.595856	2.097337	-109.277378
mp-22937	309.50700954141206	-63.422405	2.291967	-60.780392
mp-22951	229.43565290134555	-78.26304	3.061922	-73.315314
mp-22956	277.21360728443415	-112.795795	5.561233	-103.129333
mp-22957	337.81813809467815	-152.829978	3.947214	-139.192933
mp-22975	191.3277985294388	-95.433137	5.52351	-86.724591
mp-22984	622.9263752249417	-79.728129	1.569074	-77.009896
mp-22988	149.99709858099595	-133.216516	4.318081	-109.686433
mp-22990	108.44521083255557	-114.173194	7.378275	-103.004232
mp-23004	276.19129971296667	-98.320829	5.063283	-90.547131
mp-23009	198.95800219206527	-99.509416	2.012242	-95.472455
mp-23017	262.6604277159296	-38.950042	5.473405	-36.856533
mp-23018	1378.9136079944285	-145.695982	2.670591	-139.182446
mp-23023	368.4714470620422	-117.363297	2.721539	-110.514649
mp-23024	298.65735568365665	-115.192204	3.565079	-106.759318
mp-23025	388.5013313479398	-142.755482	2.910049	-133.790468
mp-23033	180.66922482656037	-106.739697	2.325015	-100.519825
mp-23036	130.124402670887	-44.377734	3.069428	-42.302058
mp-23040	144.17636025444864	-43.814374	1.460547	-42.775076
mp-23054	917.5324039973895	-83.88004	1.625383	-81.457841
mp-23056	169.26645465268447	-90.282021	2.187607	-85.604263
mp-23059	210.1161849703266	-91.162035	5.527246	-84.873776
mp-23060	91.04852133770615	-12.972012	1.695222	-12.783582
mp-23067	185.49996340082734	-59.764764	4.100187	-57.711915
mp-23070	257.39615973025445	-107.264429	3.649034	-98.630787
mp-23091	631.7794869159823	-100.083286	1.82888	-95.530684
mp-23092	624.1425586611902	-157.472031	2.267887	-142.887516
mp-23097	554.32658969065	-796.147355	27.103134	-432.823527
mp-23116	321.68529558140875	-14.945776	0.514186	-14.823624
mp-23120	227.71906220626528	-440.272575	14.399671	-253.838944
mp-23127	689.8455379473417	-98.600239	1.764528	-94.174252
mp-23137	409.5552022855135	-134.198982	2.877048	-127.518329
mp-23167	19.844259073865967	-46.597251	2.275216	-45.14998
mp-2319	331.4963887021304	-20.025967	0.431441	-19.874146
mp-23193	25.464860138006912	-117.941655	4.32329	-110.091983
mp-23197	10.435227085469792	-39.870512	3.617517	-37.749617
mp-23209	92.65431341734347	-100.425891	3.357314	-94.243005
mp-23214	321.4804684742817	-189.142518	5.044753	-160.009284
mp-23222	104.65769389038438	-14.648574	0.511177	-14.571765
mp-23231	15.584701402791765	-19.604921	1.237721	-19.289511
mp-23251	19.73535872890523	-79.696165	3.809327	-75.178441
mp-23259	41.824117932514525	-112.29021	2.588413	-108.258088
mp-23260	272.1743112327243	-55.983553	4.059318	-50.670836
mp-23268	21.32992247660543	-52.342509	2.374021	-50.637683
mp-23289	24.749964857349994	-121.327355	4.552918	-112.684569
mp-23295	20.997969146489275	-106.311289	4.687903	-98.436436
mp-23299	20.974598500531005	-100.166701	4.445946	-93.251925
mp-23302	11.996978462787244	-47.644854	3.750568	-44.995478
mp-23303	14.978077845933727	-68.433816	4.269716	-63.95214
mp-23350	199.86229854739057	-64.44024	5.164447	-61.609526
mp-23353	151.65047562831967	-5.681535	0.449793	-5.646921
mp-23364	327.8656258908663	-128.390236	4.236205	-114.934454
mp-2340	758.1613314647675	-240.946641	4.434811	-208.839175
mp-23405	137.24790459173204	-42.691226	3.171151	-40.687088
mp-23406	190.64844929408557	-64.189148	5.368364	-61.229771
mp-23425	186.58856569087746	-61.758322	3.987507	-58.648613
mp-23432	286.7681237151449	-140.301867	3.957022	-126.453911
mp-23465	207.53335844987222	-87.475471	4.679411	-81.003511
mp-23475	200.84953567509115	-67.70535	4.769879	-63.859778
mp-23484	187.02219435825853	-6.352934	0.782008	-6.312418
mp-23485	191.21581711365184	-11.795006	1.081307	-11.628238
mp-23513	228.70535226655755	-79.568983	5.513368	-75.762948
mp-2352	141.69953084174693	-105.031466	1.925421	-100.826826
mp-23550	757.421266523643	-370.530336	7.865794	-276.754445
mp-23703	133.7256575085336	-152.015348	1.120302	-149.813121
mp-2371	184.93555258212112	-5.271437	0.352718	-5.247086
mp-23737	290.0043192200394	-155.809804	1.283066	-152.563997
mp-23804	611.15214370806	-120.291996	2.28083	-118.47931
mp-23818	269.510789606282	-112.032836	0.973294	-110.246727
mp-23859	830.1311054197906	-129.64683	2.476108	-126.200352
mp-23860	696.3592483915262	-120.690237	2.528441	-117.104431
mp-23861	577.8183734282078	-113.325083	2.50118	-109.796657
mp-23862	459.1896073008645	-66.956396	1.965315	-65.435743
mp-23870	110.4739243414947	-241.507993	2.123224	-234.560889
mp-239	405.1529021183767	-37.229554	1.777582	-36.525104
mp-23949	457.2991532265442	-208.167333	2.55205	-199.142119
mp-23956	1003.2768391616154	-183.860236	1.633695	-177.57624
mp-2400	267.676336579019	-57.955092	1.991937	-55.57776
mp-24007	1014.8997590834388	-106.979192	4.527206	-103.050592
mp-24066	899.5176599661335	-126.586961	3.19862	-123.32783
mp-24084	96.08030288513245	-243.378885	2.447692	-235.174985
mp-241	157.785979459005	-145.442158	2.971052	-138.013113
mp-24292	651.5408341671316	-100.511117	2.748957	-99.130216
mp-24341	1975.4159009520204	-184.045026	3.799282	-178.862799
mp-24423	632.2999438813448	-94.858593	2.422439	-92.442362
mp-24424	487.2045518952572	-90.376379	2.410285	-87.961042
mp-24428	1377.6320727713398	-162.025949	4.408446	-158.052272
mp-2455	306.3519640657148	-12.560013	0.395048	-12.4827
mp-24589	1090.6476620198607	-122.046045	4.340902	-117.260736
mp-2469	35.507964095440386	-14.243324	0.399122	-14.17201
mp-2472	57.03426865014321	-172.6551	2.903218	-165.582918
mp-24721	90.20965534686606	-215.092266	2.309073	-208.300681
mp-2490	48.13080936683648	-8.087673	0.167685	-8.070815
mp-2517	666.3259956226893	-11.642323	0.385901	-11.568498
mp-252	62.23931804097203	-10.940325	0.175395	-10.916465
mp-2530	154.19166426813206	-42.727414	1.022644	-42.124361
mp-25305	819.2988916636114	-136.19988	1.881602	-129.659876
mp-2534	33.58522288026072	-0.219128	0.006524	-0.21911
mp-2542	588.1239019067235	-239.137309	1.712331	-229.984324
mp-2552	763.2586798536418	-91.532741	1.501181	-89.088775
mp-2574	469.31755857248663	-177.364703	2.458453	-166.967109
mp-2576	390.85505026889035	-6.919673	0.418034	-6.875202
mp-2600	15.8539249580194	-44.159826	2.681301	-42.509148
mp-2605	68.60463253430275	-183.548626	2.57975	-176.982796
mp-2624	40.73432457078929	-4.139091	0.101484	-4.133882
mp-2646	211.41263340334694	-13.717784	0.520527	-13.61729
mp-2657	482.206153440058	-175.664618	1.868588	-166.813736
mp-2659	580.2530562734063	-469.152464	8.16609	-421.814921
mp-2667	9.260834549488264	-12.135318	1.288397	-11.931629
mp-267	248.7902450397833	-15.945335	0.542294	-15.803855
mp-2672	436.5102254303658	-236.703649	5.183987	-194.943497
mp-2691	23.23165037518379	-2.175844	0.09355	-2.173321
mp-2695	286.19394859010225	-10.926561	0.439151	-10.853401
mp-2697	79.47771493733399	-224.068764	3.780122	-176.625097
mp-27138	199.47839712244485	-73.020261	4.475056	-67.530829
mp-27193	364.3429982598707	-116.637993	3.638713	-111.554837
mp-27207	274.8786973703528	-159.319316	6.043492	-133.068503
mp-27227	926.375217881239	-47.593764	1.145874	-46.647669
mp-27243	193.23979528554935	-72.582908	4.630259	-67.436818
mp-27255	441.824088317179	-21.92188	0.831104	-21.645842
mp-27294	174.5269054190675	-71.330002	2.478198	-66.747011
mp-27300	227.7263616559408	-8.617135	1.099841	-8.5223
mp-27303	804.0146091412043	-36.929257	1.008696	-36.298828
mp-27315	430.85485582604235	-19380.550911	48.94597	-2946.721277
mp-27369	427.3829521994445	-141.338059	6.708164	-120.332942
mp-27385	502.77853365297307	-111.076345	6.45597	-98.460064
mp-2741	175.90933847429957	-276.171677	4.315382	-249.361219
mp-27419	657.5574293422529	-353.178016	6.213042	-287.14672
mp-27420	666.6914064870123	-305.320998	7.244661	-252.501
mp-27421	658.5200220390094	-252.794113	10.350873	-218.424098
mp-27422	657.0249169118455	-228.926279	10.363152	-201.682434
mp-27456	342.7938400174019	-91.481714	4.869538	-79.161749
mp-27546	381.8077235884946	-181.814977	3.854461	-164.489404
mp-27549	209.99422005792962	-9.528019	0.753851	-9.42417
mp-27562	781.4987390791027	-44.230966	1.06275	-43.593022
mp-2758	24.69646588794349	-45.936485	1.814983	-44.823664
mp-27608	767.5937671844463	-131.794299	1.213624	-129.167359
mp-27678	578.933601132995	-35.31536	1.393465	-34.56276
mp-27691	122.32631580138917	-43.792878	3.829116	-42.105264
mp-27716	335.4631950167282	-54.2514	1.314228	-52.506264
mp-27791	1883.2897823302624	-181.619486	2.61741	-174.28241
mp-27827	239.09707215056198	-249.607472	8.781676	-195.599146
mp-27828	264.26233640562623	-228.995716	8.465051	-185.140015
mp-27829	231.79022790506255	-81.070366	3.943756	-76.264617
mp-27830	219.19294518236018	-83.916243	4.014571	-78.922245
mp-27831	198.15209745556734	-304.533467	12.2337	-215.041941
mp-27839	248.09568482657932	-302.563646	10.079044	-224.73427
mp-2784	87.43176188995557	-31.169541	1.36406	-30.598247
mp-27869	116.09081571364757	-56.425166	2.090321	-53.793026
mp-27882	266.2032083785268	-88.117695	4.551943	-83.216626
mp-27904	895.9800116644695	-27.334347	0.664003	-27.050036
mp-27985	441.2836064592788	-122.698299	2.674539	-117.098361
mp-27999	202.74028338166468	-18.07765	1.395536	-17.746158
mp-28020	519.0845778389963	-50.542676	1.634862	-49.05082
mp-28069	200.61720225646724	-101.452627	2.863774	-93.013485
mp-28075	1046.6350201906669	-457.799985	36.741483	-369.064317
mp-28084	121.38119215586748	-21.259135	2.12319	-20.87657
mp-28110	87.22713329477433	-15.223671	1.988021	-14.95072
mp-28111	1046.311801386168	-347.130055	21.540497	-268.497294
mp-28145	162.79744661730604	-52.803169	4.07105	-50.976202
mp-28171	109.375764528385	-95.458388	3.000581	-86.515718
mp-28237	360.9841347794377	-110.357313	57.84452	-99.3311
mp-28243	449.52106643559074	-139.057691	8.731917	-124.946835
mp-28264	3680.004133676978	-208.68604	4.170977	-204.084796
mp-28270	677.2902032801966	-49.15232	2.632313	-47.643755
mp-28295	865.0714204704083	-115.24242	3.812471	-109.75757
mp-28302	193.0879460539709	-29.857197	1.36764	-29.135749
mp-28377	66.95224804670828	-16.343831	0.994585	-15.871191
mp-28423	275.9755461774868	-16.272553	0.807725	-16.052979
mp-28453	105.85678875662757	-2.187788	0.400416	-2.180482
mp-2853	79.10411959091032	-63.273569	0.791802	-62.634801
mp-28553	387.89887240627905	-88.326117	1.882082	-84.494805
mp-28554	122.49601456543195	-35.975308	1.431421	-35.152184
mp-2858	1595.7967053958707	-241.516437	2.747841	-223.919894
mp-28591	268.39287785456025	-23.694899	0.85089	-23.348227
mp-28599	329.63888761082114	-96.547	3.515859	-90.030921
mp-28602	175.0688223529096	-144.980117	4.585746	-129.882426
mp-28603	822.2020833793429	-44.952383	1.388881	-43.965139
mp-28627	240.1653683228179	-139.091305	5.713237	-114.271344
mp-28650	89.25488319364297	-199.016582	8.26665	-157.455369
mp-28797	289.0680128134459	-20.242315	0.382572	-20.171774
mp-288	115.11232138289544	-3.181011	0.193917	-3.177747
mp-28872	344.197046520634	-214.707853	8.132162	-199.079929
mp-28873	326.7987896085455	-219.319992	9.016622	-204.474068
mp-2894	45.52249060400258	-1.864339	0.079765	-1.862449
mp-28994	439.9776956235063	-24.272195	1.135853	-23.983789
mp-29025	804.2231624829817	-79.249074	1.876076	-77.099159
mp-29091	337.68424592286806	-5.292494	0.113155	-5.280162
mp-29138	201.5277310597591	-31.161125	2.237736	-30.13724
mp-29149	562.1587461728544	-102.409296	1.761008	-99.463512
mp-29151	663.3396480799744	-126.187713	2.286617	-120.625974
mp-29163	660.5503939498295	-11.240468	0.515669	-11.161332
mp-2918	661.8238563537867	-103.973485	1.880504	-100.731761
mp-2920	892.0844794097629	-203.704335	2.827728	-190.370854
mp-29208	179.69836907005788	-3.138202	0.131131	-3.132769
mp-29209	183.00113638312618	-2.736072	0.151104	-2.731509
mp-29266	139.69088771766633	-75.833408	3.658381	-70.453068
mp-29342	211.4705492635486	-103.493992	2.679629	-97.002945
mp-29364	1523.9514025665608	-217.081097	2.779478	-203.93979
mp-29396	634.2275072825424	-22.135659	0.815768	-21.911402
mp-29398	110.39393229864834	-74.812136	5.913842	-64.517202
mp-29403	211.0170859442447	-21.233179	1.29178	-20.82023
mp-29463	2273.9928758402702	-130.74936	1.393618	-127.618171
mp-29484	202.32123707097253	-22.039563	1.308367	-21.573778
mp-29506	603.5330112220802	-171.548866	5.708981	-155.949569
mp-29529	177.92990058646222	-11.364033	0.431802	-11.291363
mp-29585	208.59397882688864	-20.545849	1.220899	-20.155085
mp-2961	451.09108087265423	-15.775396	0.308926	-15.685803
mp-2964	570.6831965235475	-762.821817	19.185046	-588.589952
mp-29678	144.0107971559444	-11.893386	0.4868	-11.807146
mp-29750	221.18095960673455	-67.167986	4.394161	-61.701266
mp-29751	205.021429643745	-70.273512	5.683309	-62.61527
mp-29754	283.5829540516649	-39.351156	0.740471	-38.866421
mp-2979	2122.664986259622	-41.466851	0.498864	-41.079025
mp-30004	178.76260029998434	-139.812974	6.887093	-104.181616
mp-30041	158.55678066641184	-35.436199	1.335574	-34.720679
mp-30056	76.49536244752933	-96.999691	6.202816	-79.003153
mp-30062	137.8245114881114	-30.867283	3.250961	-29.857659
mp-30250	617.2704018134496	-97.246386	1.648601	-94.422349
mp-30251	617.4829378011406	-63.165292	1.300214	-62.002391
mp-30315	589.5325178604801	-91.856441	1.574511	-90.009553
mp-30373	11.166284547051312	-12.173954	1.075115	-12.005039
mp-3038	427.0380749145205	-13.759395	0.594931	-13.664956
mp-304	448.6306411024818	-9.654916	0.441928	-9.58985
mp-3042	507.45840314839427	-262.933965	6.88913	-240.38566
mp-30456	468.9067422362161	-11.761007	0.672647	-11.664625
mp-30459	52.30750070751503	-5.083626	0.176799	-5.07136
mp-30460	43.00229873812935	-2.732396	0.114962	-2.728093
mp-3056	249.85513342363546	-59.573403	1.105314	-58.28602
mp-3070	1583.7302808373604	-250.510514	5.111655	-234.69646
mp-3074	546.9714532786572	-66.380295	2.118011	-64.011212
mp-3078	242.84169396976748	-1.431912	0.055468	-1.430886
mp-30847	52.92642373368467	-6.408757	0.225901	-6.389467
mp-30988	660.5826810906889	-131.435678	3.051103	-123.684759
mp-3104	537.7352921097719	-53.326438	1.140496	-52.44644
mp-31149	95.11223043153743	-36.365412	0.922226	-35.833708
mp-31212	460.0430556483935	-304.52555	5.846046	-244.835131
mp-31235	118.76900241008951	-4.511369	0.329844	-4.487847
mp-31451	55.31581276990508	-17.428936	0.524	-17.290978
mp-31454	56.735859703210124	-9.300342	0.268881	-9.262359
mp-31468	1143.7237761677127	-60.082519	0.948904	-58.987481
mp-315	70.78958735162223	-227.801323	5.140026	-204.966268
mp-3159	463.32588491790045	-16.402452	0.526446	-16.271137
mp-3163	188.63080696179316	-65.060633	1.203735	-63.605481
mp-3167	271.4107391686788	-0.921556	0.063955	-0.92094
mp-3216	367.2303090199342	-111.214246	1.531412	-108.118557
mp-3247	696.558306245227	-107.783344	4.19799	-100.303142
mp-32616	812.2699434639738	-24.67719	0.774417	-24.421565
mp-3277	1158.9226158400934	-197.310762	2.091082	-190.600735
mp-3288	1406.3220076096081	-1453.83601	78.736935	-741.856434
mp-32880	20.051952197211257	-4.207314	0.209274	-4.196352
mp-3349	970.6436837093156	-194.295085	2.361315	-179.410556
mp-33526	324.4900915426474	-29.482013	0.891839	-28.858385
mp-33588	523.6739134801135	-110.12683	1.833202	-105.053137
mp-3359	466.57887949621255	-118.369602	2.25443	-113.490719
mp-3395	1104.6136308455452	-240.101949	6.218386	-218.735218
mp-34126	850.6982664227962	-1.337403	0.113428	-1.336779
mp-34169	228.56849895822188	-7.155331	0.306093	-7.118984
mp-3419	705.98862450415	-391.946619	14.922606	-283.407595
mp-3427	2479.5944607814267	-197.694806	2.219624	-188.393464
mp-34293	451.6118686912599	-79.839484	3.28194	-76.804498
mp-3432	58.992990155508146	-7.924442	0.250484	-7.897963
mp-3448	292.5317071439497	-276.487695	5.03255	-242.072761
mp-34579	968.4759167179743	-334.812897	8.145306	-270.905529
mp-3486	117.12923997371865	-2.271646	0.155168	-2.266729
mp-34932	565.7695750762227	-98.545212	1.62539	-97.681188
mp-35015	173.25095748012168	-20.112097	1.619901	-19.657652
mp-35152	1011.3966187750283	-31.875009	1.075077	-31.724662
mp-3519	763.8997204191115	-77.540189	1.329925	-75.258377
mp-35220	2424.580870042081	-150.71179	1.524377	-148.316612
mp-3524	1048.1894473043155	-132.663345	1.230652	-129.379363
mp-35777	177.11572038322169	-4.310015	0.20942	-4.293041
mp-3589	1285.4730549302226	-232.934627	1.792382	-224.457342
mp-3595	323.9514541915774	-3.976829	0.113103	-3.968974
mp-36066	1284.625322072468	-294.47714	2.733482	-280.576163
mp-36111	91.66698530500102	-30.770019	0.617762	-30.510244
mp-3614	381.985114690439	-563.305072	4.786917	-389.546003
mp-3637	494.2922927161905	-354.760872	4.721315	-301.917605
mp-3642	713.1879124959887	-108.390774	1.607709	-105.361757
mp-36508	651.8523324954942	-163.291616	4.137887	-150.61647
mp-3654	224.74257822585983	-302.640734	7.933547	-242.045149
mp-36582	416.4904569823754	-69.065889	2.415769	-68.489906
mp-3666	1177.386149888595	-1417.366577	9.465961	-754.69563
mp-3668	304.2334818005962	-2.60175	0.069367	-2.598731
mp-370	31.75328433764516	-27.180413	0.846725	-26.886301
mp-3700	1180.9411597141896	-305.028324	4.614058	-262.100418
mp-37091	245.98930765449205	-16.497276	0.821918	-16.301026
mp-37153	389.03299183124636	-136.66535	4.389592	-132.204081
mp-37216	574.940099097346	-162.413146	4.389878	-149.490454
mp-3731	1182.2144442845286	-286.560702	3.254376	-261.342469
mp-3744	614.6566984140845	-35.95309	0.629151	-35.635465
mp-3748	443.53696104894016	-85.470302	1.017882	-83.991841
mp-3762	193.10608094735738	-7.4244	0.171043	-7.406694
mp-3772	368.38207946541996	-9.870894	0.390748	-9.811337
mp-37906	139.61366657073077	-80.085366	0.999552	-78.914134
mp-380	68.809852529656	-9.166757	0.298453	-9.105572
mp-38011	385.6073663020248	-74.832927	3.1717	-74.100258
mp-38117	155.55446945471823	-9.29734	0.572129	-9.213392
mp-3813	274.52535851373693	-45.937612	1.494883	-44.404403
mp-3821	609.4487333790511	-542.509732	14.560868	-376.970189
mp-3834	287.37074394776164	-268.648727	3.562928	-235.708151
mp-3839	180.94413492190347	-0.238459	0.012969	-0.238417
mp-3915	252.0302370856421	-109.92944	3.096472	-106.09041
mp-3924	753.6654742718179	-87.491739	1.428777	-85.653119
mp-3953	1483.4771369161658	-418.109969	8.194512	-375.801161
mp-3980	826.2697130841046	-399.414721	6.167756	-325.24517
mp-3982	707.1312261791368	-164.563713	4.761304	-155.453093
mp-4002	853.802116494792	-1850.590743	12.365419	-815.381554
mp-4009	378.77548256529855	-36.322722	2.227873	-35.509532
mp-4035	948.371975069278	-245.679323	9.584281	-218.173807
mp-4043	118.6817191888987	-3.402583	0.114009	-3.396541
mp-4047	348.42803087850245	-188.063121	6.729583	-174.81233
mp-406	19.718042697295378	-2.682055	0.135791	-2.677533
mp-4081	110.74837537796304	-3.750087	0.12437	-3.742217
mp-4124	491.903639828436	-151.47508	2.519871	-147.831477
mp-4156	1508.685197038223	-250.503668	3.091614	-230.054503
mp-4175	273.146428367216	-2.272595	0.057584	-2.270268
mp-4187	1524.3850064199487	-84.559031	1.039498	-83.053608
mp-4190	1012.6357303410224	-124.165253	1.781783	-119.2355
mp-4200	1814.6943847371072	-447.073671	4.986199	-395.565093
mp-422	83.00841118522764	-38.469954	0.460761	-38.247038
mp-4236	938.1680144007233	-107.480133	2.074001	-102.21828
mp-4280	381.3569236377975	-59.266167	0.851152	-58.445694
mp-4342	396.1499263152162	-159.310444	4.667097	-151.342438
mp-4359	487.70362333412004	-98.637003	2.045592	-94.883189
mp-4360	642.0736464499327	-210.103714	4.081268	-182.551024
mp-4385	1309.5064123413827	-164.683833	3.936809	-158.573231
mp-4405	65.82441069769405	-41.289282	2.29578	-38.263685
mp-4406	1710.9259664648118	-200.22258	3.311795	-191.622767
mp-441	30.688850877002235	-34.473897	2.456651	-32.882854
mp-4452	494.2055140461954	-23.199018	0.649044	-22.96539
mp-4495	274.0269818666845	-35.388159	1.479939	-34.680665
mp-4497	2006.7959207964852	-148.616463	1.266564	-145.033869
mp-4511	288.45554556118185	-134.155787	2.349642	-127.232225
mp-4514	1096.7586703035613	-2963.053395	12.788332	-1063.215259
mp-4524	395.62957687715755	-5.371733	0.120596	-5.360903
mp-4531	1063.9316183081528	-450.920046	12.22807	-385.211329
mp-4533	1682.3391875320715	-186.958274	2.891238	-177.791796
mp-4547	231.69826724614765	-61.909158	1.679367	-60.17057
mp-4555	888.7770057093118	-155.355792	2.074138	-149.121258
mp-4586	390.8477963115358	-22.736949	0.63803	-22.468895
mp-4609	1809.5346456979187	-542.935168	6.132514	-453.115935
mp-463	39.03555859418013	-242.119399	5.609998	-218.989404
mp-4636	339.76358411366436	-89.728388	1.331683	-87.89223
mp-4651	905.2807636577357	-509.652569	38.485234	-395.553277
mp-4666	312.43891104731216	-8.582526	0.203183	-8.550284
mp-468	925.0006177765371	-314.147936	3.583815	-284.694224
mp-4690	1159.3285603623597	-321.148537	11.877347	-275.611555
mp-470	605.2480923992388	-102.031898	1.232535	-100.036789
mp-4763	419.3595418644107	-7.474124	0.145405	-7.455977
mp-4782	548.1872438266795	-341.556356	5.785298	-269.714022
mp-4809	471.75624474192637	-19.628572	0.677541	-19.453818
mp-4824	222.05116567102564	-22.945633	0.652613	-22.675327
mp-487	955.171778448422	-15.100074	0.295532	-15.037689
mp-4961	339.6958419121431	-110.117746	2.465841	-105.251363
mp-4979	384.679782014052	-14.382981	0.284349	-14.302379
mp-5012	1960.1148193561962	-228.555619	2.470317	-217.555844
mp-5020	445.74542712484623	-1551.916012	9.248048	-740.729087
mp-5038	471.63347751041493	-52.204611	2.879926	-50.600761
mp-504535	1650.1204340380639	-100.12971	1.234186	-98.577618
mp-5046	1256.1952972706345	-237.783526	2.145551	-228.706692
mp-504729	322.5403402958356	-338.802457	15.751704	-281.515535
mp-5048	308.1157551115864	-23.093034	0.960457	-22.762344
mp-504838	757.9363553951367	-69.430941	3.894636	-67.331711
mp-505297	60.20636547485592	-7.913955	0.218692	-7.888083
mp-505634	215.79382926924058	-18.659889	1.672514	-18.12952
mp-505825	151.20865007184125	-31.038898	2.809337	-30.465473
mp-5061	1740.5554542071218	-303.428388	3.54803	-277.100195
mp-5072	259.43385176907776	-141.435182	5.226304	-131.349121
mp-5077	141.6773967597847	-18.44389	0.702709	-18.323624
mp-5078	904.6049917730734	-267.77971	6.141859	-222.381109
mp-510268	314.1033758139447	-30.478756	2.787925	-29.868248
mp-510273	687.6646774389053	-188.588079	6.546739	-172.201877
mp-5122	695.9468935876754	-30.870452	1.283934	-30.398489
mp-5127	993.3110597427559	-45.631736	0.696845	-45.128035
mp-5132	1662.943888037738	-313.412688	4.160188	-288.990803
mp-5175	307.71805297073854	-94.881453	1.496208	-92.189149
mp-5213	277.81175272693815	-0.832662	0.024651	-0.832356
mp-5238	369.8174324968831	-6.943956	0.191206	-6.922906
mp-5280	1326.2292489003796	-112.454335	25.815802	-109.190248
mp-5339	157.97254760277946	-29.345114	2.005353	-28.405738
mp-5342	333.48648336627065	-11.068181	0.359986	-11.003899
mp-5348	1429.681751953517	-323.516286	4.227095	-300.037476
mp-5350	495.34059708123317	-22.218862	0.564784	-22.01809
mp-5377	1577.8939841370573	-266.470612	3.381979	-244.253784
mp-5380	342.5335701780652	-43.766726	1.194989	-42.825686
mp-539	808.3336624967159	-26.484767	0.9517	-26.188345
mp-5394	239.02844905228105	-72.390487	1.668501	-69.423881
mp-540703	323.92571794493114	-58.246924	2.658768	-53.583314
mp-540957	92.7261871487377	-18.036521	1.828087	-17.578385
mp-541037	316.2422096891784	-79.965856	5.135809	-76.37654
mp-541044	444.63022836971777	-146.869294	2.467231	-137.112123
mp-541226	620.4986237551858	-709.678486	16.776847	-417.303257
mp-5414	447.8185618173348	-27.588173	0.981879	-27.131227
mp-541899	190.3844449487676	-57.641219	4.862099	-52.302663
mp-541989	796.9091221794451	-185.780581	3.901587	-178.80316
mp-5427	1999.3574259098975	-225.391048	3.317639	-214.947436
mp-543024	145.4596324570632	-12.517118	1.369989	-12.310308
mp-545359	368.43207552611534	-141.563022	4.441094	-133.102775
mp-545500	792.6746100988723	-136.770235	3.422767	-128.00492
mp-545544	788.6340855460502	-147.534184	2.111562	-137.122999
mp-546011	376.4432939191416	-29.834605	0.829635	-29.413096
mp-546125	1246.0403607813735	-156.134566	2.103849	-149.196103
mp-546500	592.2254771542257	-175.555002	4.347408	-171.498589
mp-546794	852.1747651907023	-225.463551	2.329442	-215.727928
mp-547244	725.8515561079225	-187.223209	5.039181	-168.408417
mp-5475	358.4706426917368	-107.732101	5.82953	-104.757716
mp-547792	1010.1910019642308	-133.525087	2.400151	-127.764689
mp-5478	318.06327970275873	-39.688189	4.837628	-38.855855
mp-5479	367.0607963608407	-263.895016	6.158456	-237.256023
mp-5488	701.2000490400484	-113.378102	1.785579	-108.930999
mp-549589	361.28318889019477	-26.869734	0.715489	-26.487972
mp-549697	903.3964675894023	-156.706701	3.086693	-149.652294
mp-549737	1372.136716202368	-202.430575	3.763285	-191.135301
mp-550685	298.33251156260127	-147.286259	2.913869	-141.396088
mp-550751	1149.767770127027	-186.128263	3.535443	-178.818109
mp-551092	1059.989071807604	-127.672751	2.483373	-122.010352
mp-551203	398.2740951204502	-83.46359	3.530714	-77.330695
mp-551243	658.6804982689013	-97.020902	2.993672	-91.846135
mp-551456	223.95402674196157	-137.395808	4.020573	-126.072392
mp-5518	194.95078215382486	-0.764831	0.038103	-0.764463
mp-551835	395.17101428224464	-81.923565	3.291974	-75.679549
mp-551873	231.31554862154596	-16.027078	0.728259	-15.873083
mp-552488	417.86411001966917	-51.017882	1.352888	-49.716115
mp-552537	232.9284581815751	-87.00911	2.590678	-83.004305
mp-552547	619.7601551809593	-104.550173	3.25923	-98.60591
mp-552663	1556.6878628083477	-201.153224	14.374467	-190.273944
mp-552806	650.6563352427394	-147.649474	4.061516	-135.68715
mp-552934	212.46095844671729	-112.95806	3.676257	-105.141961
mp-553025	882.530500615572	-155.704916	3.660306	-144.988532
mp-5532	620.0355201995117	-205.852584	2.590379	-189.681286
mp-553303	360.8545602424498	-50.40088	4.791755	-49.496875
mp-553310	781.9547251543851	-179.457247	7.870645	-168.33411
mp-553342	1514.6005717992884	-199.361377	4.286463	-191.194709
mp-553374	775.9643170134538	-338.55218	13.101266	-256.737012
mp-553875	440.3849511517481	-48.072599	0.732251	-47.473407
mp-553961	1520.9352865032997	-283.262892	3.113758	-257.556485
mp-554155	1816.5077169204649	-255.693321	6.047146	-239.831645
mp-554412	1688.4346705273406	-372.012025	6.63539	-333.389438
mp-554941	246.62292056465455	-1929.191296	58.758359	-691.490822
mp-555166	417.7517605296493	-23.504652	1.134655	-23.167701
mp-555410	342.57121300579695	-19.958966	0.480669	-19.798259
mp-555763	298.8970257729459	-19.892643	0.469253	-19.692138
mp-556120	1835.6091732426196	-256.052558	200.712164	-239.134499
mp-556405	1283.4320005953164	-163.872176	3.258465	-157.380753
mp-556866	427.3246393153512	-14.478091	1.696901	-14.284791
mp-556953	742.6565517985078	-63.084092	3.292235	-61.324853
mp-557664	178.036497365718	-223.490567	246.52541	-164.269411
mp-558071	112.29453943186574	-85.140992	3.754955	-77.238259
mp-558118	1299.5764850070768	-356.025637	3.273939	-326.964168
mp-558430	1314.6900141707288	-328.313552	8.65411	-298.303284
mp-5588	747.265271304004	-234.159678	5.534053	-218.299078
mp-559092	346.4965261880467	-4674.055937	19.195746	-1287.009894
mp-559695	218.9302022150314	-564.885192	27.389701	-354.277488
mp-560037	249.61582727291358	-821.485859	16.840074	-402.346638
mp-560558	455.2040995067014	-38.078779	3.024844	-37.034098
mp-560588	94.19156924767617	-20.40422	0.480159	-20.180674
mp-560790	278.365663090842	-2019.059698	21.717813	-653.484163
mp-560791	1271.062113306585	-287.14889	5.092096	-253.532761
mp-561561	295.76657096454073	-370.091028	11.913049	-281.739728
mp-561586	151.8290536662737	-81.1238	2.497718	-76.912138
mp-5618	1602.903015355072	-207.857694	148.462888	-196.999285
mp-561827	457.65417116336874	-251.997953	11.026757	-197.024894
mp-561947	182.2378538156684	-111.994788	3.702324	-102.745035
mp-5621	169.95150283514977	-6.448731	0.12371	-6.433558
mp-5652	1787.1088545669118	-189.912398	2.572783	-181.674064
mp-567290	253.09589056761894	-59.834839	0.912396	-58.553324
mp-567373	1154.5677021286974	-237.273591	5.126581	-220.24627
mp-567558	203.58443475306302	-69.105693	3.660661	-63.526062
mp-567636	74.81792409810241	-10.259525	0.229687	-10.224525
mp-567652	257.7155737224578	-378.190061	9.070213	-245.068078
mp-567655	895.1258188971436	-112.367151	2.931761	-109.018345
mp-567666	221.03562818404484	-18.887261	0.881247	-18.555962
mp-567680	391.7638131429972	-123.147398	4.833621	-107.866414
mp-567744	381.9865828517052	-60.857012	2.649219	-56.651793
mp-567776	185.97568487205962	-8.905874	0.868049	-8.825326
mp-567913	258.17865246413874	-7.390019	0.869692	-7.331571
mp-568018	118.75773272149699	-5.297802	0.572377	-5.262275
mp-568032	244.82863725676737	-9.074596	0.395102	-9.011357
mp-568052	110.88096895079406	-2.568253	0.203421	-2.561625
mp-568273	125.60071658452866	-70.024958	1.818616	-66.819869
mp-568284	323.5981236062926	-59.338034	3.133635	-54.266335
mp-568536	220.1296734268386	-53.204521	3.955156	-48.539396
mp-568544	135.8894708036201	-68.21551	3.103248	-63.80708
mp-568560	13.54501597317891	-39.04615	2.770809	-37.530657
mp-568619	1360.148269617587	-42.927543	0.360739	-42.604499
mp-568661	192.64944143691991	-5.978747	0.265259	-5.95099
mp-568662	88.61626612817882	-151.184363	5.304019	-134.808194
mp-568968	228.48767978226778	-19.637057	1.120072	-19.267925
mp-569028	160.39893843857314	-47.510746	4.024393	-45.182583
mp-569149	193.667530629538	-118.974899	7.298078	-106.255241
mp-569346	61.53264032774019	-4.57275	0.231876	-4.551562
mp-569442	617.2076348175713	-527.465258	26.527145	-289.104007
mp-569548	160.064197669884	-2.626775	0.389558	-2.618201
mp-569639	19.687926780843757	-63.097627	3.065045	-60.344377
mp-569677	145.3884369748173	-71.714255	1.89761	-68.849083
mp-569779	50.63814344855041	-6.115881	0.220832	-6.09752
mp-569812	955.6496339230721	-145.469492	4.818352	-138.461709
mp-570008	83.94512288704395	-32.481174	1.009467	-31.660852
mp-570097	455.7045522578542	-40.782418	1.147065	-40.177319
mp-570213	59.45424506868663	-1.04446	0.037284	-1.044006
mp-570324	264.1083655776265	-52.941208	3.76809	-49.254188
mp-570354	14.07426949914201	-28.346818	1.961001	-27.599653
mp-570485	386.4306615121123	-11.375658	0.219645	-11.350729
mp-570538	542.9266152266783	-254.020273	6.745522	-240.821163
mp-570891	18.8664595349243	-82.042268	4.079905	-76.973358
mp-570935	213.9887105176424	-57.046787	1.352577	-55.448616
mp-571102	11.075010408615816	-24.294393	2.13029	-23.592982
mp-571124	225.8493650372829	-515.318369	18.915814	-286.164032
mp-571166	236.80933363761324	-137.224474	5.19818	-118.403778
mp-571222	13.191937663491915	-68.887815	4.820269	-63.588698
mp-571306	540.6600678639489	-18.28162	0.493281	-18.118226
mp-571386	17.857195852565447	-38.105078	2.074062	-37.036932
mp-571461	229.73455399247771	-23.406409	1.37836	-22.945224
mp-571467	165.6065974343568	-417.547855	17.605383	-213.955777
mp-573204	258.26613419727545	-623.013111	18.316786	-337.538503
mp-573658	545.6106083975362	-35.940839	2.630363	-35.012461
mp-573697	18.84014843076813	-99.869366	4.885531	-92.044123
mp-573721	341.8104738726454	-28.997591	1.900704	-28.292604
mp-573755	147.84774357263217	-16.624117	1.816426	-16.28626
mp-573763	221.79396035985297	-32.016543	2.83043	-29.970696
mp-574599	189.4016412545243	-29.365835	3.080334	-28.463141
mp-5782	356.60174370620337	-19.16505	0.455664	-18.983333
mp-5784	1445.0031727524602	-150.832258	2.510581	-143.69787
mp-5795	385.3808641718102	-63.170336	0.994943	-61.970764
mp-581024	57.66982532310885	-13.547842	1.183082	-13.34482
mp-581833	406.6436730680563	-159.449581	6.788016	-154.487026
mp-5840	725.7316342143015	-220.993116	2.571352	-206.525273
mp-5858	744.1608256961707	-249.7513	6.160408	-225.017516
mp-5860	302.38943816494935	-161.545853	4.596354	-148.765886
mp-5878	261.50254062111236	-219.946859	4.607722	-196.565828
mp-588	747.5324063481348	-225.186103	3.637508	-208.272304
mp-5928	588.7578456701292	-32.60065	0.781405	-32.211794
mp-5955	400.3027962223927	-278.672961	6.76901	-255.458104
mp-5962	170.64648902190416	-15.906106	0.708124	-15.756663
mp-5967	70.15475028446029	-23.431178	0.573329	-23.234369
mp-5986	376.8651276684068	-174.893171	4.8324	-164.584382
mp-602	69.25870458188442	-2.306682	0.074567	-2.303844
mp-6026	1301.0829425361442	-359.785702	5.936875	-322.232104
mp-6058	307.34736086152293	-355.818019	8.026813	-269.221069
mp-6059	256.15993072314075	-262.615887	8.632595	-207.009392
mp-608555	239.10453702685902	-82.484311	4.820806	-77.672376
mp-6088	450.0093727370568	-64.765205	1.528683	-62.795485
mp-614603	10.624495818840904	-48.513712	4.267386	-45.338827
mp-616378	146.21881244430676	-23.758497	1.678589	-22.705641
mp-6204	365.61450449402815	-2245.027394	20.451555	-787.303595
mp-623024	681.3598139687515	-890.98132	9.792661	-528.495812
mp-625136	1304.3098038439182	-165.932925	5.118585	-162.093228
mp-626151	1380.3710620225293	-163.755224	2.242789	-158.887872
mp-626620	1334.338226155406	-144.33132	3.973639	-141.514616
mp-626724	1172.259876654944	-165.455076	2.539466	-159.521437
mp-626785	1378.8797575719955	-178.400627	4.178026	-174.198389
mp-6270	424.83221017223815	-202.665808	3.274287	-188.693243
mp-632319	84.13732794294741	-196.809158	2.26679	-190.721653
mp-634657	594.5303952218215	-75.737824	2.577694	-74.245124
mp-634676	540.7422683521929	-83.729631	3.424471	-81.703521
mp-638729	183.390521700576	-240.185012	10.153854	-186.599357
mp-6408	338.4316475346579	-3.08559	0.083001	-3.081765
mp-641923	160.15443375626933	-41.288174	3.231259	-39.555871
mp-642648	2709.2854124521314	-245.450133	6.795082	-236.192214
mp-642725	961.8670239314204	-133.422584	2.774896	-130.039452
mp-643002	440.19990493289185	-112.769562	2.462819	-110.534386
mp-643101	915.3112455639457	-117.743593	5.177184	-116.20424
mp-643243	983.9516474694911	-134.623999	7.000176	-132.98937
mp-643257	1060.5484040290287	-133.276756	4.740357	-130.00223
mp-643260	602.4009885795409	-87.916614	2.58191	-86.437561
mp-643264	1613.107145585914	-131.188663	2.184595	-128.860608
mp-643279	866.4487997423522	-113.399161	3.89148	-111.890005
mp-643370	1260.7986197326031	-132.314213	1.207929	-129.625194
mp-644203	431.72776661559567	-166.097678	1.664307	-160.113471
mp-6450	858.4129327827163	-45.835618	1.256593	-44.88691
mp-6459	2072.294006804861	-419.649562	6.87084	-385.483742
mp-648	110.50160021527859	-62.76757	1.724735	-60.88583
mp-6492	301.3546863758765	-137.642925	2.515693	-132.58861
mp-6494	822.6281809997782	-285.08739	5.503143	-255.639056
mp-6586	421.90836907847273	-275.815656	6.062161	-243.757264
mp-661	302.17480953049596	-83.284914	0.744529	-82.116006
mp-6613	495.51803781116405	-446.954221	5.999016	-356.937462
mp-6654	664.8278590526857	-208.950482	7.048491	-187.299275
mp-6660	1599.3691635943726	-182.69159	3.596907	-173.777308
mp-6686	403.58151877602	-337.451537	9.576991	-269.131879
mp-672	75.14337616199198	-16.295099	0.449481	-16.116386
mp-675011	732.276630968285	-207.868508	8.957352	-195.337798
mp-675104	509.79668362988946	-576.578052	10.273488	-305.012237
mp-675531	348.3717113851987	-34.705914	1.177833	-33.801573
mp-675902	127.47264701290186	-20.882421	0.809389	-20.622008
mp-676284	306.3456075477821	-15.45042	0.708234	-15.242349
mp-676464	226.8344433475724	-11.475542	0.868949	-11.343237
mp-676861	856.1394705872066	-108.645523	1.296381	-106.138078
mp-677335	1061.1517025107937	-192.891851	2.880293	-185.847732
mp-6798	378.77010620009844	-205.261943	4.093749	-188.734169
mp-682	49.79601441760041	-279.605096	5.142436	-256.072821
mp-684	229.84014166934207	-40.166868	1.6908	-38.962831
mp-684580	15.114149513482646	-8.642396	0.567708	-8.580423
mp-684690	548.4110246889696	-27.460891	0.806437	-27.00307
mp-684969	748.300076856729	-46.762799	1.038568	-45.859371
mp-6867	563.1941844824066	-240.161346	4.945099	-225.65905
mp-6870	1562.370593975874	-266.914651	5.14418	-252.253131
mp-690785	698.1883870885721	-90.616389	2.588346	-89.420788
mp-6920	563.232323590003	-388.456345	11.272317	-356.470568
mp-6929	1481.9849805185308	-176.817652	24.332253	-168.412029
mp-6930	1443.8126966131993	-204.338023	1.933759	-196.136245
mp-6947	927.2194602372792	-220.573297	1.830304	-212.103675
mp-6949	605.8746788136514	-188.312038	4.079965	-173.615497
mp-6951	201.82331121146382	-210.058105	6.40234	-180.19365
mp-6960	403.51610081853147	-33.113715	1.89813	-32.299025
mp-696804	487.8272135630737	-82.813757	4.078174	-80.604409
mp-697030	421.3269358604099	-115.441564	2.446768	-113.412377
mp-697038	773.3806757668883	-142.798161	4.344413	-140.082899
mp-697044	881.06893160026	-197.866263	7.29227	-193.245478
mp-697096	534.2036818797941	-85.82362	2.701785	-84.411937
mp-697133	824.8014070696304	-207.332223	2.275255	-196.468498
mp-697144	1829.4068411924973	-142.613289	4.533028	-139.893796
mp-6972	316.2154850184684	-96.805382	1.750802	-94.491191
mp-6973	199.1774612838677	-57.73044	2.223827	-54.707878
mp-6980	194.41219029507573	-32.074676	0.842473	-31.671767
mp-6983	625.8029994252536	-48.192373	1.110075	-47.134469
mp-6984	448.20859229860855	-40.072413	1.892051	-38.942457
mp-6989	1087.4345021720158	-212.853294	5.463615	-196.236884
mp-7000	1488.9379275925667	-207.201787	1.957974	-198.608179
mp-7017	318.7916903383956	-93.308243	14.308101	-90.803633
mp-7027	1124.440466360497	-136.753348	2.296017	-132.102405
mp-7041	323.78789275519387	-101.121952	1.761135	-98.213046
mp-7060	506.19101190144767	-33.015065	0.761026	-32.548943
mp-7067	101.448446382139	-1.845119	0.077773	-1.843053
mp-7077	288.8479457788093	-45.406601	2.983153	-43.989951
mp-7089	172.14224758422318	-18.259771	0.836265	-18.013495
mp-7090	181.2136686520465	-21.902785	1.032273	-21.564714
mp-7100	479.654923404318	-563.216305	6.75352	-398.740359
mp-7104	219.64015123970424	-214.400333	5.130155	-186.502619
mp-7128	743.8381403925265	-92.132561	1.422294	-90.215316
mp-7140	245.21321279519586	-43.484034	0.365564	-43.194295
mp-7148	983.7000377137921	-197.916728	2.796231	-182.65953
mp-7173	49.27058224659492	-4.947451	0.205632	-4.935116
mp-7176	109.6358069061171	-61.362321	2.586163	-58.003
mp-7188	176.6909006834377	-21.058397	0.481106	-20.932846
mp-7219	588.5748300630523	-52.600031	1.787779	-50.506652
mp-7232	248.30141350879381	-160.19981	6.781599	-144.089442
mp-7233	274.9292310675682	-113.68896	2.228865	-107.819839
mp-7251	623.0439149752125	-1485.282247	12.843959	-780.536403
mp-7297	552.1459566438183	-206.104761	7.376913	-182.593294
mp-730	168.1968681527805	-6.678104	0.170527	-6.661689
mp-7323	1509.3898441396752	-229.060265	4.659048	-218.063457
mp-733	1204.3872774328706	-127.739547	1.878022	-123.605601
mp-736	545.7392069174571	-31.431117	0.649646	-31.111226
mp-7374	425.1698417711387	-42.780889	1.680688	-41.890767
mp-7375	425.9110233419586	-452.588855	4.251362	-363.506285
mp-7392	293.37035808018175	-15.885235	0.888384	-15.677618
mp-7394	299.09084373840943	-17.210045	0.624986	-17.035058
mp-7421	99.85031355507904	-1.437915	0.070973	-1.436384
mp-743	608.9108652617712	-183.670313	6.821133	-171.780146
mp-7436	112.67543009229941	-4.494824	0.250563	-4.476969
mp-7437	193.86865218034256	-10.735049	0.368753	-10.660562
mp-7438	83.82138790979647	-1.502459	0.085801	-1.500466
mp-7439	301.716399955208	-21.924407	1.236189	-21.620287
mp-7446	538.5663416927441	-60.524077	3.08587	-58.038558
mp-7447	335.8752561883258	-24.018617	1.575295	-23.437019
mp-7449	320.7709702371526	-23.691	1.783843	-23.07313
mp-7457	735.9782501372208	-438.6554	9.404281	-284.277805
mp-7467	810.972539692214	-164.476659	6.09334	-155.641693
mp-7469	721.1060577360703	-52.475974	1.372177	-51.442125
mp-7470	706.0661889113252	-60.920716	2.746191	-59.04465
mp-7472	719.6778015066711	-149.732954	5.750979	-140.945349
mp-7482	149.72526128514795	-139.400746	6.106816	-130.066439
mp-7505	453.36867873370244	-49.261016	2.749871	-47.701378
mp-752446	667.5686969463708	-293.602332	72.161814	-273.016879
mp-752580	1439.6382261249148	-2460.874833	101.348097	-994.618299
mp-752658	382.21240259710584	-90.048779	1.640907	-87.241889
mp-752676	1742.049012595374	-128.559753	2.826685	-122.867724
mp-753098	315.2135373284472	-184.76815	2.979475	-174.099249
mp-753260	262.400434966184	-103.399211	2.124334	-100.163925
mp-753287	224.92860873311426	-62.93967	1.043728	-61.571059
mp-753401	2159.6408179889895	-481.31363	4.754119	-393.328115
mp-753671	1267.699502913174	-238.211826	2.186453	-229.191263
mp-753747	1293.2253351682157	-188.934964	2.681726	-178.063909
mp-753946	182.7131906700056	-6.974791	0.174941	-6.958273
mp-754117	1700.7791276086755	-180.142335	2.365374	-175.13188
mp-754118	857.237436024036	-150.852205	2.30656	-145.534713
mp-754212	205.38553777342327	-82.198538	10.185577	-68.790018
mp-754326	341.10717913382405	-65.816203	1.280784	-64.5058
mp-754363	560.7383807933029	-162.906195	2.69512	-152.816132
mp-754368	745.9322222309677	-119.259206	4.198946	-113.778072
mp-754517	248.05335628979245	-73.06566	4.239834	-65.675382
mp-754535	556.4687486409769	-112.750863	2.310532	-108.451312
mp-754596	321.89048662710326	-172.883598	7.142457	-159.116378
mp-7547	144.239933705107	-10.364032	0.648614	-10.251059
mp-754710	211.2104283081713	-75.916823	4.264334	-66.489706
mp-7548	236.15932281359042	-16.323197	1.053176	-16.078504
mp-754826	417.2889381992317	-182.830782	11.869349	-170.070285
mp-755013	1500.3528979797811	-333.231266	4.083954	-298.265918
mp-755287	663.8307831766688	-121.23982	1.800017	-115.457436
mp-755293	199.9824065459607	-19.401861	0.868909	-19.113782
mp-755309	369.54001618822366	-116.322524	1.997797	-109.626882
mp-755586	505.57913191369016	-163.730062	2.520927	-151.254613
mp-755756	350.8978916947717	-125.570659	3.575721	-120.061346
mp-755895	857.077220341073	-173.935155	2.623963	-160.3838
mp-7566	1888.774216606547	-142.619889	2.436574	-138.205204
mp-7569	689.7479321049667	-302.820206	10.423027	-271.534559
mp-757	414.20875654111296	-24.45186	0.612448	-24.233826
mp-7572	2044.4664823013436	-218.461282	2.985419	-208.926307
mp-7575	119.32343386785122	-18.876089	0.293516	-18.801717
mp-7581	131.34382019758658	-1.419966	0.038198	-1.419206
mp-760	321.7157961147555	-22.286344	0.532726	-22.072249
mp-760375	323.8009201016402	-117.632112	1.926846	-111.723821
mp-7604	393.8110461622179	-193.653539	2.594873	-181.43942
mp-760400	1058.3149750759321	-107.742093	2.111146	-103.285403
mp-760417	172.7570349448543	-86.953639	3.979098	-76.152543
mp-7608	552.7148877449582	-118.360639	1.765932	-115.030262
mp-7610	948.1108615541715	-197.31467	2.650762	-187.696455
mp-7611	859.0638120965021	-169.117635	2.381188	-161.879128
mp-7618	557.7888241312188	-252.86863	10.613317	-206.97654
mp-7622	1961.1653197596397	-1814.03361	32.694478	NaN
mp-7631	1200.1796843992884	-50.47522	0.423677	-50.020999
mp-7639	381.35091451577	-20.832326	0.792289	-20.572448
mp-7642	281.8327693454151	-25.100649	1.472052	-24.550312
mp-7643	259.8797799057704	-21.382958	1.45438	-20.92768
mp-7650	590.4022317805722	-196.074968	2.70254	-181.833678
mp-766	359.0325721111199	-13.177486	0.375932	-13.098855
mp-7667	577.5745924873733	-59.93293	2.545264	-57.769403
mp-7670	386.6085985219078	-28.297154	1.53513	-27.594872
mp-768368	224.94430771949854	-85.591806	3.42399	-78.238771
mp-7684	137.59546178792507	-8.748661	48.468841	-8.66451
mp-770932	1233.8156105390515	-138.095692	1.791579	-132.907954
mp-772290	747.5578241485347	-57.32569	0.8936	-56.251222
mp-773137	117.3301133845909	-14.349004	1.141177	-14.124815
mp-7738	264.08628112365074	-51.9964	1.587535	-50.515544
mp-774907	250.50960663077436	-49.797616	1.675236	-48.774727
mp-7752	98.40276444594272	-38.145205	1.135846	-36.972548
mp-776532	575.0208438313203	-216.986935	2.579176	-202.926254
mp-7770	126.63936003487326	-6.573088	0.257371	-6.543317
mp-7773	292.15618044171947	-9.005958	0.4743	-8.946862
mp-7774	262.6934510052548	-10.468617	0.635326	-10.374066
mp-7786	250.93022449437117	-17.71937	1.421825	-17.561867
mp-7801	851.3592284891652	-72.625248	1.103057	-71.270603
mp-7825	659.7049563864487	-274.864487	7.258119	-241.032991
mp-7848	1132.319364134618	-225.343623	2.625973	-216.254676
mp-7849	945.5682709237416	-184.906724	2.63876	-177.591444
mp-7863	434.03311892807307	-189.947031	23.882928	-168.649623
mp-7886	338.5203865101182	-271.209682	11.063571	-219.16435
mp-7891	245.03547016168065	-11.186933	0.358627	-11.129544
mp-7895	136.0416467527761	-156.136645	3.98708	-139.01803
mp-7896	149.97459228913524	-116.485725	3.38827	-107.068122
mp-7903	526.998446800911	-1007.295441	17.567519	-504.930968
mp-7906	527.9727103458173	-29.219893	0.910157	-28.89257
mp-7907	475.1860969213283	-16.277249	0.450615	-16.151231
mp-7908	361.72372411902523	-11.220914	0.382154	-11.151228
mp-7909	366.14835688007	-8.84975	0.344532	-8.804358
mp-7910	361.18539280720495	-9.102068	0.472503	-9.050459
mp-7911	660.1036097303704	-65.310903	2.301921	-63.349677
mp-7914	340.5543068219704	-284.490505	3.478402	-259.289562
mp-7921	914.9568231629586	-624.054499	8.24367	-452.542024
mp-7931	419.2563570092242	-27.686263	0.891167	-27.193371
mp-7936	340.6816894562228	-10.303821	0.24802	-10.268995
mp-7937	300.7818222568095	-6.125855	0.253464	-6.11037
mp-7938	238.39837213615397	-6.924558	0.346512	-6.902057
mp-7939	220.65401378214196	-5.004621	0.228913	-4.990532
mp-7940	235.71605390983905	-5.392667	0.298012	-5.375804
mp-7955	283.6378467403579	-17.940953	0.513938	-17.798443
mp-7956	169.57588514827773	-5.712508	0.324018	-5.683689
mp-7958	244.21786562737418	-237.979156	3.791996	-212.216813
mp-7972	230.66691083848193	-201.892679	3.439097	-182.909252
mp-7979	637.106968549414	-506.166246	14.16923	-367.269807
mp-7988	94.90650174932294	-66.63468	1.89604	-63.414856
mp-8000	1911.9190180054215	-191.832997	3.615397	-184.876832
mp-8016	278.2458776741838	-5.970178	0.155368	-5.951092
mp-8017	263.52972806946775	-3.203343	0.099233	-3.197072
mp-8039	309.64084381390467	-340.562597	3.836822	-297.106957
mp-804	172.8905176857761	-41.095222	0.459393	-40.726329
mp-8041	56.54172742716569	-65.46922	2.440414	-61.111854
mp-8042	1703.8855914212918	-192.318113	2.609963	-182.72172
mp-8058	1233.9829023457507	-153.990049	2.305516	-146.588357
mp-8062	118.52942744110764	-38.715144	0.3253	-38.557623
mp-8098	710.8992600009559	-71.347912	1.035118	-69.867371
mp-8127	1087.170836951272	-309.487306	5.268163	-282.982414
mp-8145	304.80778926693614	-183.129653	2.644329	-172.248267
mp-8147	420.5279542280235	-22.916628	1.661071	-22.516101
mp-8161	1001.9201423530297	-310.837922	5.540299	-261.682155
mp-8175	241.01694321385787	-70.717378	1.352018	-68.814194
mp-8176	219.1728375765118	-64.239235	1.309578	-62.512364
mp-8177	130.9784879109089	-81.641198	1.974465	-78.936001
mp-8180	1475.7872266501595	-712.943026	9.525437	-572.587373
mp-8187	722.6544426423671	-133.762993	3.390745	-124.86959
mp-8188	327.2762604663005	-222.618327	2.979226	-207.30473
mp-8200	637.3302944884949	-1.190569	0.059496	-1.190037
mp-8207	833.390998288221	-20.025551	0.730586	-19.917417
mp-8208	866.6930521490582	-22.02561	0.577777	-21.899731
mp-8212	911.9426136415105	-15.14317	0.523461	-15.083703
mp-8217	397.18234972459084	-193.901378	7.493483	-178.463089
mp-8224	258.56643727902514	-324.278347	5.984641	-274.688818
mp-8235	615.4929134433145	-53.868792	1.949878	-52.317777
mp-8248	961.6365350196266	-291.92529	13.538653	-242.86572
mp-8256	790.3188895158012	-273.262114	5.504402	-243.132987
mp-8257	599.2395907215764	-57.675449	1.829885	-55.756755
mp-8262	567.2940517000413	-39.282576	1.893421	-38.400414
mp-8267	773.9997352700208	-63.603045	3.408752	-61.963639
mp-827	650.0305594187723	-206.231676	6.332909	-192.054484
mp-8276	175.44419603551486	-17.813206	0.49112	-17.653828
mp-8277	131.45896953317603	-7.652641	0.232312	-7.613726
mp-8278	207.1840849524807	-29.78279	0.879022	-29.346151
mp-8279	123.5268085225844	-9.294152	0.304133	-9.241726
mp-8280	233.01690766044777	-20.682693	0.834967	-20.450415
mp-8289	350.9132763705751	-175.196356	4.505298	-165.390216
mp-8291	487.5233868942851	-1133.4397	14.17863	-582.626817
mp-8298	282.1884779383846	-43.626093	1.603811	-42.289205
mp-8299	221.50853740271094	-33.286227	1.737649	-32.436883
mp-830	88.06652865080333	-37.606848	0.42475	-37.406258
mp-8300	164.14130218439462	-23.840595	1.868921	-23.20579
mp-8311	459.8728564688206	-4.185316	0.127884	-4.180136
mp-8335	521.6210890410846	-178.688741	2.913544	-165.211715
mp-8361	128.04165255602138	-30.297467	2.698481	-28.587694
mp-8399	227.9831120439042	-157.804207	4.248385	-142.643789
mp-8402	291.83424782920326	-223.998359	4.046248	-202.875956
mp-8405	202.75179293885844	-9.002287	0.395407	-8.962442
mp-8407	321.1233537550291	-20.830978	0.595342	-20.661186
mp-8409	292.92638197762324	-209.234901	3.133306	-193.969468
mp-841	559.7921487894168	-345.644627	4.178616	-298.929503
mp-8411	305.8638645475257	-12.92949	0.652415	-12.805462
mp-8426	65.40938011823978	-51.20283	2.402115	-49.025587
mp-8430	402.29611670565305	-77.596741	2.060533	-75.009674
mp-8446	370.73907796914256	-32.853772	1.543653	-32.097467
mp-8452	406.1947052171928	-75.24866	1.978952	-73.044952
mp-8454	38.72617359090777	-244.323424	5.69283	-220.461526
mp-8455	28.124283319900506	-285.82771	8.27298	-232.671619
mp-8459	1735.4316044734765	-157.334878	3.93258	-151.81274
mp-856	598.1011247121281	-65.889978	1.002338	-64.965907
mp-8579	132.62638520139407	-17.016045	0.60507	-16.794185
mp-8615	1457.5969360237893	-381.027789	3.696646	-346.058237
mp-861937	41.08157986339803	-3.956537	0.231384	-3.93752
mp-862631	44.25968994580376	-3.865473	0.275162	-3.848645
mp-862868	146.54505028464865	-105.641752	5.045932	-86.171741
mp-862871	220.99080584093818	-126.624561	4.219155	-109.525733
mp-862947	40.75739744882878	-2.269244	0.20422	-2.262973
mp-864954	671.5204825237328	-23.565379	0.368355	-23.451903
mp-865185	270.88761469904375	-18.972148	0.48709	-18.855791
mp-865427	560.5394428739027	-257.622086	7.433183	-236.420649
mp-865500	651.7738830558937	-183.007781	3.040571	-170.381514
mp-8658	184.49687013145197	-39.003952	2.202549	-37.56723
mp-866132	47.446662759458576	-2.883027	0.320992	-2.876507
mp-866141	92.00520003274252	-10.34528	0.209415	-10.316408
mp-866291	17.211626733331013	-15.228682	0.874886	-15.058212
mp-867169	34.570135763928675	-0.457523	0.039485	-0.457302
mp-867193	33.62482187779221	-1.823165	0.130764	-1.819492
mp-867194	242.55501790596722	-22.62732	0.803116	-22.387281
mp-867203	369.5982422233407	-7.152587	0.316571	-7.111053
mp-867261	562.3133952500025	-207.184879	5.217148	-194.132117
mp-867300	620.3371756438924	-210.571878	2.900593	-194.86616
mp-867335	238.16101388390075	-19.147348	1.473048	-18.770274
mp-867339	18.998540285228533	-4.084917	0.494788	-4.062985
mp-867699	645.1636916703607	-101.021617	1.838948	-96.962263
mp-867730	885.874818960306	-107.970097	3.80686	-102.299565
mp-8697	1351.2226638453212	-314.560992	3.725826	-292.226892
mp-8703	183.37799890532528	-37.119515	1.94407	-35.705568
mp-8724	1074.0922206592015	-353.458121	11.273987	-281.981851
mp-8751	341.5571354087512	-68.815177	1.977	-66.409846
mp-8752	260.44614275861085	-20.119342	0.698369	-19.883117
mp-8753	222.85969655514054	-31.751392	1.482929	-30.985666
mp-8756	323.7713542287052	-51.061192	1.791809	-49.689634
mp-8759	1059.5935367554982	-180.57794	5.184617	-165.349802
mp-8789	295.3040836230318	-32.898217	1.079137	-32.334446
mp-8799	217.64793911480825	-64.014575	2.369948	-60.606498
mp-8812	398.0630562436843	-229.385535	7.83668	-206.844624
mp-8818	397.61172279213275	-124.364763	2.149329	-119.661969
mp-8857	330.2525128494359	-26.089454	2.612254	-25.415979
mp-886	1302.6156946267054	-91.948601	1.284167	-89.662998
mp-8861	493.74827072858926	-228.571604	4.930919	-198.510689
mp-8873	1311.9693211038818	-202.862167	2.161291	-195.285759
mp-8874	1320.6731683543055	-240.82347	2.232556	-230.696619
mp-8880	135.3353329781116	-17.232736	0.284272	-17.122871
mp-8881	107.54321804293528	-11.452004	0.237849	-11.391091
mp-8882	101.29159713092446	-6.014861	0.124966	-6.001576
mp-8884	56.704350067472014	-4.840338	0.190181	-4.819748
mp-8891	1064.500615579941	-274.885368	4.057557	-255.283533
mp-8922	551.039657840929	-74.74382	1.3418	-73.170692
mp-8930	370.5076461256061	-40.560569	2.184315	-39.202245
mp-8931	307.7491035476019	-14.835904	1.084486	-14.607593
mp-8932	533.4745599096847	-40.631516	1.973474	-39.707624
mp-8934	302.89410102362035	-15.916862	1.246624	-15.649003
mp-8978	421.015458210375	-78.235155	2.206625	-75.936415
mp-9008	164.11632276454185	-22.034239	2.088505	-21.453519
mp-9010	189.11870383237087	-41.628006	3.402693	-40.025353
mp-9062	326.7830575368369	-90.105424	3.880874	-79.125687
mp-9063	210.06393910757828	-59.878199	3.579218	-53.370769
mp-9064	165.12574360219116	-35.042772	2.615236	-32.81437
mp-9107	787.1683188302167	-45.787242	1.365595	-44.677218
mp-9124	68.26835329803329	-2.773807	0.088395	-2.771017
mp-9126	600.0869596407638	-128.570264	2.219594	-123.357061
mp-9143	1146.2184840625375	-441.97313	5.837185	-381.511986
mp-9144	941.7676108364889	-480.417361	6.823054	-384.896704
mp-9166	483.17427965730496	-231.275457	3.205322	-223.943409
mp-9195	320.2046818262919	-43.745186	1.550842	-42.486991
mp-9200	96.57563981801401	-55.266687	2.270468	-52.162776
mp-9205	940.3921091566995	-435.882668	12.928325	-331.807825
mp-924129	56.483120910819096	-5.527414	0.173533	-5.513985
mp-924130	63.7220203071859	-7.399816	0.206868	-7.378461
mp-9244	525.2047052652094	-31.963484	0.373818	-31.817993
mp-9250	293.34529594701826	-45.13678	1.788647	-43.955723
mp-9259	765.8536362811207	-163.514647	2.965906	-155.310072
mp-9262	331.43007330521993	-317.110039	15.480497	-262.624554
mp-9268	294.59224873487335	-66.940844	3.138182	-61.223958
mp-9273	174.54430416398813	-6.822259	0.70384	-6.775478
mp-9274	140.60793019418136	-12.037062	1.874083	-11.852889
mp-9295	105.9884724830401	-2.092364	0.139217	-2.089813
mp-9306	360.4860724429662	-64.327501	1.441155	-62.835961
mp-9307	291.2599114132046	-110.093738	2.985524	-104.308784
mp-9317	759.4496285010114	-57.539134	1.715242	-55.689373
mp-9321	278.80655398690874	-46.522238	1.499569	-45.085305
mp-9348	686.1406391956338	-269.552393	7.18139	-224.138027
mp-9361	157.87446615886753	-90.113137	2.634655	-85.067171
mp-9382	267.0276905246239	-37.809713	0.611922	-37.403738
mp-9383	248.39192668477023	-42.490925	0.681801	-41.936924
mp-9384	172.83387561056028	-13.869804	1.757691	-13.743657
mp-9385	113.77796543954886	-9.152499	1.131499	-9.069058
mp-9386	119.38796265724899	-9.626356	1.296932	-9.548336
mp-9437	70.53619925974165	-9.58244	0.218289	-9.550056
mp-9486	572.3779757185775	-309.999611	6.920351	-263.432309
mp-9514	427.8145998830327	-56.52965	0.791841	-55.769894
mp-9517	615.0059967254693	-46.857323	0.74478	-46.36118
mp-9562	477.91697613239677	-25.150994	0.54635	-24.968376
mp-9564	242.00887845761028	-25.364981	0.789048	-25.061765
mp-9565	213.86352805745648	-15.229603	0.553755	-15.106962
mp-9566	197.4201673685572	-14.639255	0.612075	-14.51641
mp-9567	191.5421459386356	-13.791284	0.651149	-13.678974
mp-9569	204.9633897135772	-19.212194	0.48442	-19.05374
mp-9570	110.77422742324443	-9.340753	0.267139	-9.291603
mp-9571	154.81145991973034	-8.271744	0.285938	-8.23316
mp-9573	185.40851970010473	-23.188616	0.776516	-22.894153
mp-9575	260.14872637140695	-12.719429	0.320413	-12.665187
mp-9610	899.8497952655333	-214.27018	2.607133	-207.514282
mp-961646	58.02030229917211	-5.261105	0.165453	-5.249265
mp-961648	46.20661653305279	-36.830833	1.617917	-36.072336
mp-961649	65.09819610045815	-17.598278	0.44313	-17.479059
mp-961657	59.94867215514972	-5.181666	0.179617	-5.170553
mp-961659	72.88440533852932	-8.704807	0.236093	-8.678967
mp-961660	78.44015089569494	-16.320943	0.344003	-16.236134
mp-961661	64.22450367011807	-6.086488	0.195297	-6.07217
mp-961673	73.19797563532667	-16.528849	0.366068	-16.435546
mp-961675	74.7391520765899	-11.569316	0.313689	-11.52472
mp-961678	62.56792148200197	-12.392288	0.368587	-12.331024
mp-961682	54.36350960900849	-5.987726	0.19826	-5.971342
mp-961683	84.40724215431999	-44.228632	1.067549	-43.639463
mp-961684	68.02343918484117	-34.529161	0.999117	-34.084003
mp-961685	51.466269115986904	-18.481342	0.662251	-18.314206
mp-961687	48.856569040863135	-4.579979	0.16967	-4.569322
mp-961693	42.48642822584895	-1.601092	0.070144	-1.599598
mp-961698	82.42297464292352	-11.689766	0.273735	-11.648509
mp-961706	72.73691923409403	-7.806772	0.215136	-7.785959
mp-961713	47.10261674330775	-7.141762	0.289797	-7.114802
mp-961774	35.91330894620341	-13.124147	0.895823	-13.003319
mp-9636	731.1961593966836	-225.811383	9.88135	-202.947984
mp-9664	828.9939297379906	-77.838782	3.239263	-74.785306
mp-966800	121.38053044938131	-3.620792	0.088036	-3.615446
mp-9672	516.0313979411787	-40.014601	2.188601	-39.044734
mp-9675	679.0000735187767	-52.49019	2.78129	-50.881536
mp-9687	324.60235004802547	-27.704405	1.637636	-27.123557
mp-971	94.60055761977864	-125.066868	2.733186	-115.296109
mp-9718	622.4736521897693	-39.999589	2.599864	-38.957563
mp-9720	704.4170715995062	-58.834093	2.834796	-56.874145
mp-972937	863.3021083110427	-58.297597	0.798053	-57.496197
mp-9731	192.72708442174036	-30.822293	2.793855	-29.842671
mp-973185	357.7614877148474	-93.349943	1.325363	-91.131614
mp-9732	339.78610694818724	-29.955967	1.005599	-29.306167
mp-974381	339.62890202973637	-3.640995	0.107148	-3.63619
mp-974603	330.06651129184024	-130.734579	4.048685	-119.902434
mp-975115	1297.6189628447182	-240.086989	9.809318	-219.333425
mp-975140	285.5345622123035	-20.030244	0.739752	-19.780683
mp-9755	1418.4827832417147	-134.426699	1.920875	-129.661096
mp-976280	246.77513787046595	-92.011617	1.888142	-88.303614
mp-976876	190.65712592038545	-28.53826	1.570693	-28.158183
mp-9774	148.45033485559017	-13.570752	0.780006	-13.381264
mp-9775	297.5121485393806	-13.014043	0.602618	-12.899431
mp-9778	293.48439905740685	-31.848582	1.538538	-31.083729
mp-9780	381.228519494157	-21.314381	1.448138	-20.81882
mp-978846	124.48455008366417	-43.114302	2.523643	-40.339308
mp-978847	332.75972286118366	-5.241354	0.128649	-5.23522
mp-979137	358.1273989947005	-9.85235	0.200829	-9.832178
mp-9794	481.85813718499014	-68.611037	5.297846	-63.965513
mp-980057	364.7992572890786	-10.600719	0.254457	-10.577788
mp-981	157.56051538084063	-234.999837	4.50931	-213.645011
mp-9812	1376.3794582573626	-185.484031	3.361843	-178.059124
mp-9821	741.8436784655776	-248.016999	9.83069	-220.108487
mp-983565	333.53948192014695	-5.14376	0.110779	-5.134937
mp-9839	357.3244471233971	-320.167816	5.190589	-276.61824
mp-9844	1899.2144271689908	-200.658314	4.016854	-191.688196
mp-9845	192.4275174884565	-24.64986	1.621582	-24.161211
mp-9846	140.37954220048124	-20.265384	1.510193	-19.849752
mp-984761	33.85000886636551	-12.454715	1.253828	-12.218796
mp-9855	753.2740128502678	-56.373606	1.794695	-54.585182
mp-985586	170.55849446624072	-93.626828	3.007829	-88.613835
mp-9856	386.16940324871183	-67.734756	4.054173	-62.688819
mp-9881	216.4865739252731	-32.370453	2.244301	-31.481428
mp-989400	244.19289034318697	-222.682482	5.450013	-200.599104
mp-989405	129.44447444235843	-80.104193	3.51554	-72.474444
mp-989407	1360.771634348545	-125.301891	1.71525	-121.162723
mp-989513	1358.2762233905785	-83.957931	1.369315	-82.143706
mp-989514	157.21225098584048	-136.462891	5.907458	-113.08044
mp-989520	160.84202950870636	-179.285912	12.793791	-146.499186
mp-989522	166.25941637528027	-0.788289	0.03508	-0.788069
mp-989523	259.4141246444589	-506.704784	8.225805	-325.170838
mp-989526	177.05971933616433	-353.131569	10.111389	-224.669056
mp-989527	258.7416985132172	-1274.48623	16.475077	-541.174597
mp-989529	146.1795277573562	-169.643876	13.693222	-146.333154
mp-989531	337.60654090306446	-189.045831	5.607693	-171.147694
mp-989532	202.28711783027958	-321.361562	12.274528	-224.045901
mp-989535	649.6919807524636	-97.520795	1.110501	-95.63517
mp-989536	275.51855513547855	-1129.974655	15.351303	-522.569662
mp-989537	175.60472602905867	-250.407129	8.71422	-196.650431
mp-989538	154.32747125308651	-184.722533	5.020297	-158.232266
mp-989539	940.2491722843566	-103.628965	1.120035	-101.720173
mp-989541	230.90017891751754	-590.785999	12.369743	-337.980753
mp-989545	181.75539948093936	-168.540901	10.338274	-137.048886
mp-989547	231.4440437498283	-128.326328	7.179987	-113.363207
mp-989548	226.48101764198015	-360.418399	8.798554	-233.454098
mp-989558	201.5330205759829	-287.994174	7.968034	-226.011106
mp-989561	383.94933249530465	-185.127892	5.753814	-168.947386
mp-989562	343.7934634633904	-311.416113	6.037159	-242.017561
mp-989563	143.46668831936688	-125.61924	7.675995	-106.478178
mp-989565	207.88569233976227	-283.587004	8.960276	-225.890216
mp-989566	206.40394127662228	-237.645626	7.215327	-198.846224
mp-989567	107.98807917791902	-387.436771	12.153729	-223.453236
mp-989570	201.99379161629335	-159.781942	7.211508	-129.61393
mp-989571	172.62110802559923	-107.800556	5.001087	-96.020172
mp-989575	660.8458831168924	-110.934457	1.290272	-108.522659
mp-989579	189.6389457431255	-124.025297	4.697001	-107.776077
mp-989583	199.896852032965	-148.716339	5.07275	-128.072371
mp-989605	308.3835187768789	-229.111953	9.213765	-193.328445
mp-989608	179.9312938888538	-117.44918	4.26342	-106.983986
mp-989610	692.4666814090106	-122.054064	1.318703	-119.260636
mp-989616	1521.6478451329272	-87.035903	1.380705	-85.302109
mp-989618	336.6305197003044	-191.18741	6.476772	-170.514191
mp-989629	375.70197587135897	-263.712783	11.626809	-221.200808
mp-989638	995.41794973737	-20.561225	0.506689	-20.455239
mp-989639	322.2655997627796	-226.670725	7.76057	-193.833792
mp-989642	546.8195999114132	-128.963115	1.510026	-125.368509
mp-989643	811.2519369846666	-42.679547	1.216053	-42.16737
mp-9900	656.5299811385212	-7.297123	0.277226	-7.269873
mp-9915	428.36200070937883	-31.069702	0.578885	-30.814822
mp-991652	93.25401387009	-3.69495	0.295488	-3.687696
mp-991676	100.7557472184274	-2.008997	0.136163	-2.006518
mp-996941	158.43809947245248	-101.378743	11.481515	-85.441297
mp-996943	90.21684726923758	-65.482018	4.462643	-59.732958
mp-996944	66.93971284446097	-59.980822	5.415719	-51.821809
mp-996962	854.1343882711546	-65.626586	1.309053	-64.461544
mp-996983	627.6285028722913	-27.766338	1.189541	-27.503184
mp-996997	703.9620160489699	-53.049756	1.020826	-52.285744
mp-997002	741.7728676002267	-156.949507	4.645945	-148.098516
mp-997041	889.705239296774	-104.194781	2.469275	-101.311831
mp-997089	405.3485190983495	-86.819731	1.824007	-84.635448
mp-997618	75.79512396554098	-3.34993	0.044173	-3.348098
mp-998156	111.0630623044558	-153.545314	5.562401	-105.250567
mp-998198	105.0438947453695	-133.127584	8.944484	-97.509385
mp-998297	106.27669528575177	-110.619778	9.428328	-86.768768
mp-998433	287.15492010596756	-66.699554	3.721546	-60.235654
mp-998552	301.0543708871302	-245.461234	3.367466	-220.419695
mp-998599	370.50589673908325	-78.44003	3.263597	-71.688512
mp-9986	471.0003402017893	-43.337532	2.573673	-42.077427
mp-998603	250.1805730805284	-96.471764	5.070673	-77.967069
mp-998604	337.1911960130293	-155.867792	5.550899	-118.763278
mp-999498	238.44068826594426	-35.443757	0.37089	-35.312639
mp-999549	162.73786821955787	-0.175425	0.002346	-0.17542
