Name	Alpha	Mobility
mp-2472	2.360805647793696	17.76440946997256
mp-22903	3.0194662647183086	32.861390906961724
mp-463	4.565788172157438	5.413517433453867
mp-22922	1.2630381673709088	106.86512798191536
mp-22916	2.4085491045646545	36.10495168423331
mp-2176	0.13966340016454734	3458.353869240988
mp-1784	4.291864918047057	9.699082943643695
mp-1138	4.603922838581601	3.5126561978497604
mp-406	0.1093503928220397	7087.647417447148
mp-1672	1.2577537476075948	53.888358127175486
mp-1550	0.21035426718214556	476.63102203770103
mp-1479	0.009523042243405512	8289.449840032192
mp-1315	1.106009100226018	78.22600719774069
mp-1000	1.4153126269437202	65.60348438893956
mp-682	4.179045004203044	6.36208142115063
mp-1500	1.830337264925997	34.45304734237513
mp-1415	1.1612528058296254	66.22477667096067
mp-1265	1.5731297232806802	41.51341610930077
mp-1190	0.21739386928238688	1922.361568051555
mp-422	0.3752785181858715	202.59044232033057
mp-252	0.14590581990442297	599.1549328617101
mp-2490	0.1368431026378826	757.5788973185981
mp-1958	1.1783371731409467	79.888253515115
mp-1541	0.2849445732638649	303.8760206043279
mp-1367	0.16394572571535565	881.8426273257452
mp-1253	1.781063690651512	41.91134171190939
mp-571222	3.9287169528433354	18.77848060303866
mp-23251	3.090461769835305	22.498015861300683
mp-22867	3.5824949229311147	20.260383774846733
mp-2172	0.16639544468125836	650.2738373877489
mp-20351	0.035590677395067154	24325.338004820987
mp-2758	1.4779153474298183	52.48133376550209
mp-866291	0.7027091975518824	327.5527548157889
mp-30373	0.8973428658743395	193.0303307684047
mp-2691	0.07608449022925752	11167.694196874283
mp-22898	2.5034795618026395	38.13268321699957
mp-11718	4.492992547288679	7.085452135444413
mp-614603	3.4425252105661053	28.49956374360991
mp-573697	3.977764753199667	13.902422149038664
mp-2667	1.0730320179125004	185.50788236266123
mp-2624	0.08483263066920961	1184.5168279081843
mp-23268	1.9306296305475763	61.8260906756425
mp-22905	2.6869345047138773	17.435027557699467
mp-1342	2.610013159261952	16.641240988177305
mp-1087	1.5475459620945367	43.16744678662984
mp-2605	2.124727318398033	17.85191910436824
mp-23295	3.8117263680119056	13.668148996488876
mp-23193	3.493405184774618	13.982824161748601
mp-22925	0.46235156571152836	601.9929716278035
mp-22914	0.46609050506898203	406.82523017766835
mp-13031	0.5574347337035647	337.0322119536318
mp-10695	0.3819140760432478	556.0004963861755
mp-30847	0.18433208101059176	336.0788808601167
mp-30460	0.09509926055379103	408.02885642459034
mp-22913	0.17019141918489175	2199.2122735068533
mp-22862	2.880096803394513	20.159595523389772
mp-1519	0.9025966931674977	100.78801674720036
mp-12558	0.45427906128691653	254.01002169726914
mp-11520	0.16617026034799923	231.69487056390665
mp-1011695	2.1157098276474464	48.96577228540063
mp-961687	0.1374569689339066	482.40945202206484
mp-7173	0.1666086083573215	183.87468394540952
mp-570213	0.030412029226598993	37786.32731432458
mp-569779	0.17957980982826163	211.41286793018833
mp-31451	0.4339648998097375	44.373296193978284
mp-1008680	0.16332838597280436	408.2967518743262
mp-961693	0.057226235614958	2081.4598233916936
mp-961685	0.534777242303198	383.6358023865619
mp-924129	0.1450648289898995	418.37033419775463
mp-37906	0.8199226497981229	87.48063387834515
mp-36111	0.5122920013013397	205.719897947915
mp-28797	0.23615956926427178	460.0089500543925
mp-961713	0.23788416762146658	191.8515398530002
mp-961706	0.17435438647461363	399.99261006939224
mp-961684	0.806820269357468	72.24085554060892
mp-961682	0.16137535269795794	260.55375545141214
mp-961673	0.2968997300449011	182.61143472934666
mp-924130	0.17090430947934748	260.4157886688088
mp-31454	0.2148919064381965	558.1521125255175
mp-999549	0.00196475007379058	27263.020290651828
mp-9124	0.06872722497768663	10617.979200146074
mp-567636	0.18610804147942908	380.89719957692466
mp-2697	3.1033714935892798	9.88908161710653
mp-1153	1.1534047192577381	62.17251723293104
mp-11327	2.0805235237811135	50.88199162573607
mp-10182	0.3146758190629086	338.20663563481673
mp-8041	1.9818398295194584	43.81749882992524
mp-441	2.0174264185587245	60.63664555743744
mp-2784	1.0941095793538205	154.05938013036294
mp-2741	3.498218915513091	9.236013282187749
mp-23209	2.730356831920101	23.748417966534277
mp-1960	1.849172002203758	21.891320556761656
mp-971	2.2308115274728437	28.29874986759194
mp-8426	1.957596459616632	50.21794759949076
mp-34932	1.177801956969514	69.91289759421741
mp-2352	1.5797418565245973	53.508610269970184
mp-2286	1.0301490297016036	79.2117154949664
mp-1747	1.8033857239573203	63.971418077657376
mp-1266	1.221337632650316	119.92838241418302
mp-1022	1.9933677695185856	39.76439652070016
mp-7188	0.3820524479262984	138.91004839078056
mp-648	1.4002102155193155	77.27228418308016
mp-5967	0.47487473608777825	34.3682428834401
mp-3432	0.20532928408112205	182.61521453196022
mp-2530	0.8392588181843119	109.19643984066482
mp-11869	0.15853502326312766	439.5341188233068
mp-10616	0.5228781202179688	432.2566932513382
mp-981	3.64621260573084	9.253524156766204
mp-9437	0.17796075128776875	658.821089296236
mp-7575	0.23537608403922614	1283.0112367329698
mp-568662	4.306978537950778	4.625442417716709
mp-1569	0.4450177346295499	164.41369822805652
mp-1105	2.8919474943413523	12.243753482754734
mp-7896	2.7328834020272934	15.187816177118863
mp-753287	0.8306047382426507	211.37996723938738
mp-675902	0.5992630400197567	89.02974374234607
mp-505297	0.17819581623496675	744.1234889569553
mp-1029	3.696538511036375	9.542456527051803
mp-1008506	0.1166284455627212	583.3601045671644
mp-980057	0.158364378869847	570.2722342889493
mp-979137	0.14089227240023885	543.2148795291557
mp-867339	0.3784366920105711	1977.776985928122
mp-288	0.1295584564710333	279.0381347369086
mp-2074	0.6343094471230827	145.84733598637996
mp-15724	0.39732235042798764	1274.4374792587555
mp-978847	0.08810405512455638	921.1632268251883
mp-570485	0.14663830934270342	654.2480309589363
mp-2542	1.3951282737054111	20.792749706650408
mp-804	0.3742599054929065	439.161508272767
mp-672	0.3678259290214498	836.8446594345248
mp-661	0.617469685918777	126.67797590060657
mp-570935	1.1038817242454468	85.25036008571234
mp-2964	5.806448069102784	0.7580509841759648
mp-2133	0.500341229868761	436.68828769073093
mp-999498	0.29923774993805136	35.31024292881709
mp-5077	0.5410237523576032	244.18516918549358
mp-12908	0.4569492236415616	180.67890209404308
mp-10694	14.51826586130139	0.005899210026212986
mp-10378	1.156393552046359	252.27104656360933
mp-976280	1.5342700758117385	46.25643873167812
mp-867193	0.10005795197772588	1998.8335497535566
mp-867169	0.028672968243837152	9222.976434673139
mp-862947	0.15142180504464234	1760.9401025599182
mp-6980	0.5713232946333349	77.17742966441982
mp-581024	0.903371820670767	365.9670012808889
mp-23222	0.4184970395353255	246.40693574145808
mp-985586	2.0516299108713834	43.29483865398912
mp-505825	1.5330723058519393	53.29302586538672
mp-29266	2.950581822838287	13.231913944422203
mp-10919	1.329981516661207	70.07598495565914
mp-10550	0.6893753763072246	226.55792281092076
mp-7608	1.186597750219938	21.783802321836976
mp-7104	3.6449092638945584	10.690932296044313
mp-3834	2.671267205849272	6.644717877014306
mp-3654	5.120821275450502	4.163397086170769
mp-3163	0.8768801357388943	227.1456789753749
mp-30056	3.7038436136913444	18.877691232671502
mp-9610	1.7032589303241268	12.66004083016552
mp-9570	0.2289012342780759	1479.943488468256
mp-9564	0.6610024266075609	100.51436524813134
mp-4961	1.9073812011506168	15.613389965287862
mp-31149	0.6750754833148793	94.25868852373358
mp-29208	0.10574932718354298	9893.81160934072
mp-9571	0.27615402255028526	552.872843286448
mp-867194	0.6690888975399799	104.69575301219554
mp-865185	0.36819413375316706	311.97582786811313
mp-774907	1.220979677470524	100.29835240869791
mp-752658	1.2617439183258918	35.43956624971901
mp-11917	1.5482641655696647	11.254034705540256
mp-998552	2.5596081050652133	8.29290241382195
mp-7770	0.2547585712728024	724.4049409472996
mp-7067	0.08681791868614283	12175.032806914094
mp-22313	1.680632207359883	15.964891597693015
mp-9569	0.41960814695167853	182.5553411722277
mp-9566	0.4968789680207748	184.09781885300225
mp-9307	1.783052705636313	14.945746309261166
mp-8399	3.1570437408372642	15.89277473671059
mp-7232	3.5244274950973624	5.559321017046522
mp-8279	0.2786922522531611	724.6791629895893
mp-8278	0.6930366217342543	99.04324102134395
mp-8276	0.4239571476679235	183.18155408150378
mp-6951	4.334511163333856	7.960083354084682
mp-3614	3.672220871620197	1.6137204132774476
mp-28171	2.217673584534808	37.519207542592646
mp-2646	0.40171814172374776	321.1789417143253
mp-997089	1.201109864592749	28.341582434995523
mp-9383	0.5332183912840871	227.36765085034972
mp-7988	1.3082055248516895	64.5050849864465
mp-7914	2.706773014580953	5.841950003119853
mp-755756	2.364508403749347	3.715796282537297
mp-754326	0.9618153487603285	39.5493805760757
mp-976876	1.1188610244390882	95.27547341846432
mp-866141	0.17730047428431517	169.6149421191783
mp-30041	0.9107065002419681	134.84897708511474
mp-22473	0.9491756792073139	103.60404905301255
mp-20289	1.1752460843262202	63.6537500993804
mp-866132	0.24355195790450807	2125.6091016071427
mp-862631	0.2104522444454026	909.0327413542651
mp-861937	0.18286237760568677	1466.1665726404292
mp-16763	1.1869746938432177	51.99309395068128
mp-12317	1.7681042079899487	19.85608224275658
mp-8188	2.3413130412668797	10.87350553612683
mp-8176	1.0150981080943127	110.43381094900009
mp-8175	1.0625563602774044	94.69706272358128
mp-5175	1.1812288053272657	86.38430343339935
mp-3748	0.7575327718095105	45.34318919037566
mp-3056	0.8773930212504397	154.38112727823463
mp-22003	3.8944115804324606	2.6282942926741613
mp-569677	1.393286834878824	39.68556742506304
mp-4280	0.6503957399233945	94.17151341004276
mp-23040	1.0588430511437343	63.41309377655538
mp-4124	1.606651873232966	20.23660630686928
mp-27869	1.6216875289978063	38.27279479256686
mp-23056	1.6021857126996968	30.881797901697137
mp-23009	1.4943361408020424	29.848165449003076
mp-22936	1.607057083277093	26.533340305688352
mp-14116	0.0991476652227454	345.85243617413494
mp-8409	2.479236707502797	12.054235570905531
mp-546500	2.542863586649387	11.74147299107168
mp-28554	1.0939554517039862	66.32663883629972
mp-23033	1.7420277349258804	26.783563103450536
mp-14437	2.3135964065968717	15.748915598379874
mp-9166	2.0604923436251785	8.266638728833259
mp-22990	4.243108635405614	4.115577317671715
mp-22660	0.5120502696004274	204.5514493068552
mp-10969	1.3858940397636825	20.97516913142928
mp-10226	1.5235711361932618	31.887934056551117
mp-9382	0.47985835413549255	264.6800805079466
mp-7041	1.3079247167471861	32.16580747582755
mp-3915	2.022584753598363	20.940126387809727
mp-27193	1.4978863905122157	27.72584187957448
mp-8280	0.6558518701459884	114.09726107904902
mp-8277	0.2053360179978474	2016.0967806366727
mp-541989	2.3758574293104298	12.100513191239942
mp-5020	7.256647778453295	0.03776435081283896
mp-3448	3.705894332862334	8.99109734852692
mp-10408	2.6428396925434696	10.691872246446945
mp-9567	0.5191690528950739	162.3794947286222
mp-7752	0.8271803612099837	103.13986132871361
mp-7375	3.3045567002334493	1.6030120007018882
mp-570008	0.7266217574839722	118.25588666784893
mp-3216	1.1568052596483502	23.934652920508743
mp-22988	3.0945777995228636	6.53649176722555
mp-9565	0.46484742613442553	199.02909515780598
mp-9306	0.9660074787821975	89.3684898090424
mp-9200	1.599808943636158	54.68559940651047
mp-4405	1.5141755809191444	84.50240500116492
mp-29209	0.1155335993394313	8627.492504830554
mp-28873	3.308994749327347	4.706857359514351
mp-28377	0.7405871714624864	254.1221671234908
mp-8818	1.8056127575996508	7.97791975135855
mp-5860	3.2003445946061837	5.200941733133806
mp-5795	0.7350381323128333	183.9726774497075
mp-5072	2.9887336937980686	8.541921924591305
mp-28872	3.077539417890126	6.044407801289017
mp-8579	0.4907977469992044	500.39270314764065
mp-8452	1.4476427841668054	65.38217171769803
mp-5878	3.504458617838088	11.502834244326504
mp-561947	2.6448098054738343	27.465254311148357
mp-553303	2.396201501727068	8.367837077424886
mp-22951	2.334033278278098	23.45665135126896
mp-20790	0.650609109304036	151.92465537352464
mp-16236	0.7118146209729815	481.04109891091974
mp-10485	0.8283349257397987	109.95904355389041
mp-766	0.3247101836148157	136.93183394275235
mp-5962	0.4983316452742449	674.3208077016299
mp-3277	1.341755269080567	21.653746082645505
mp-29754	0.5520713781639075	244.7954436716084
mp-27716	1.0205225571223675	78.39264804138097
mp-2455	0.3105843873799297	220.74321020473104
mp-9915	0.48429806273081744	181.39719705153982
mp-9881	1.4512962250354537	65.43003011412834
mp-9846	1.0143679335812668	162.0579489180636
mp-9845	1.0551584954934115	152.71931685872082
mp-9731	1.7521043114705424	52.825317915000774
mp-7089	0.7112905070092805	157.18599729486655
mp-29529	0.3609312022594811	359.18147336914285
mp-9573	0.5393409280796237	119.01033936302348
mp-753671	1.4639899314618867	13.582817652925076
mp-568018	0.5227654842582147	433.08939580110024
mp-551456	2.955497369648538	6.113108118363644
mp-5046	1.5112448647716352	18.79928834773347
mp-29403	0.8335887554038184	54.26470453064519
mp-267	0.4075553601981317	38.689437398788854
mp-773137	0.7973669448028238	319.6378311747308
mp-7077	1.6215174361823803	45.1400046025213
mp-20027	0.31782299173672596	82.99212327630627
mp-1522	0.3791013339712317	20.989058614581865
mp-626785	2.4370240249499835	18.594801603029396
mp-626620	2.3480111403216384	23.844671647310946
mp-625136	3.056909479478825	9.742236872415091
mp-696804	3.173924590506884	21.066483088549685
mp-634676	2.7308403634377822	23.570223754294265
mp-24424	1.2846531608066514	39.305512207921026
mp-23862	1.004938556615467	58.134407720666516
mp-23861	1.4727631121562332	31.372693126429414
mp-7547	0.7099040059447301	282.40518214476316
mp-7090	0.7707190442147878	118.71912639797074
mp-677335	1.6681170501264944	21.356610594936406
mp-23860	1.5044453536627413	29.815611180570674
mp-9562	0.47750356135034294	184.5508375092871
mp-7849	1.6146628610514542	22.477507093908883
mp-7848	1.6438725312815763	19.78598793940655
mp-7786	1.0995356344376679	63.47480371997062
mp-29149	1.3205225511411216	47.106907961255466
mp-22957	3.136037970835317	11.59026903259895
mp-8658	1.6278860118271954	86.21131605191316
mp-8430	1.5602558635041206	54.20402253206873
mp-6973	1.6675771769804535	66.52466957206407
mp-541037	2.4017541281865467	16.18375415062654
mp-23432	3.1658490156204655	11.854570355897376
mp-2319	0.34271130650431253	132.12044388718414
mp-684	1.485918202194295	42.756902139197585
mp-5339	1.4838611276629758	109.7692329158513
mp-3637	4.147485958368361	1.9970040919008627
mp-3486	0.17635835023829094	2833.0642654380395
mp-23070	2.8346374282997115	15.591133660381676
mp-760	0.4036262751931714	18.483059879674762
mp-546794	1.5464459899634524	21.247861584996887
mp-4824	0.5831364281336229	182.08674685443833
mp-13277	0.9796942742917998	74.62658244621966
mp-13276	1.0314743108387086	57.84347057532067
mp-13097	0.21898169237262496	3505.973440605944
mp-856	0.7307873330108906	224.75627907885496
mp-3589	1.3208209801604673	21.971856421673014
mp-2695	0.37725823660555546	138.1086305092448
mp-23024	2.7636466288998403	15.789656239513896
mp-7421	0.165818443937737	4359.636099955534
mp-676861	0.9987720129847798	90.44062610731265
mp-552537	1.7044239226721485	29.198600414668206
mp-1413	0.29706241333799444	158.2453831673123
mp-1249	3.080079760877173	11.29679566251488
mp-9386	0.9328342887386541	148.4520659475278
mp-9385	0.8783397464033932	178.255377406393
mp-9384	1.1787850249451985	90.402223286884
mp-22935	5.611725678972649	1.5149190899780935
mp-22909	1.9078193470485034	32.68268103903379
mp-9250	1.286533422101171	98.31374182761579
mp-9244	0.2961535250218651	47.92943829261939
mp-9010	1.8018280087802623	41.25803278135026
mp-9008	1.7264783837190008	29.0399049701684
mp-8756	1.3292489153877198	88.17635837975584
mp-573755	1.4251159866969092	61.32687273736566
mp-7438	0.16767849153060507	3686.8922460268714
mp-7437	0.3583998132864276	692.0397072758698
mp-7436	0.3372018290388127	1085.0055565105743
mp-4495	1.0981590315872292	129.1426247173456
mp-22888	3.2744043798985767	8.098001032465184
mp-2008	0.3168747629307114	71.44241241293871
mp-7863	1.0797591966113609	57.42249650582249
mp-6947	1.3920864609689856	30.248815753564212
mp-31212	4.178621732433457	6.512482094444105
mp-22607	0.22326623990704816	1781.297782305996
mp-15776	0.24346755088089908	1227.5136373983985
mp-8751	1.4716719701822294	63.779012594949876
mp-574599	1.9106489228726964	49.374107510037064
mp-3167	0.061486217187365834	16639.954645320486
mp-27138	3.894424222504005	6.846513984627887
mp-11719	1.0879045696427578	113.55512538851102
mp-11175	1.3318802833619432	15.91911362201662
mp-8799	1.7750377361353784	60.71084512361614
mp-552934	2.5395057906047276	9.29387540768808
mp-545359	2.9064709149219237	9.345728959640669
mp-30315	1.0898411189199761	67.99363421296222
mp-27207	3.7926704888140437	12.196799225658339
mp-15777	0.2172844851048276	553.7225308798943
mp-550751	2.0001612615624227	21.79828701139457
mp-29585	0.9051489143805198	180.1878525884269
mp-16337	0.11408649510775225	4432.959118145427
mp-7604	2.0252853190581477	28.502578811638912
mp-697096	1.3219701887944955	35.81697565303606
mp-567655	1.7587246094724829	28.882733288785207
mp-20731	0.15183969710775813	3975.2754504748864
mp-867261	2.9473425491282983	11.50241523458246
mp-7906	0.5836572110223476	233.6663380837509
mp-5532	2.1267211795247296	11.240934321141674
mp-29484	0.9750778292195381	149.29629476433132
mp-20832	0.13200960060776956	3646.28982619497
mp-865427	3.8903078814137504	6.929171966274807
mp-760417	2.597703171381905	30.41618235401801
mp-676464	0.5847844987356051	561.1570669360799
mp-643260	1.3110459267827954	37.3441046129685
mp-643257	2.2093991747232464	11.547749391507004
mp-7910	0.281212795531096	497.7294969843503
mp-7909	0.2359305452591418	796.1466982778604
mp-7908	0.2634454506702881	441.6428936458678
mp-697133	1.7478319713134405	16.07348270005647
mp-37091	0.500324306483157	270.91720493324453
mp-7907	0.33234302030761526	584.4235526896761
mp-38117	0.34641322531993596	548.528880714743
mp-35777	0.14694010391169016	2917.5590990989213
mp-28591	0.6433168222341686	241.57540447583534
mp-21374	0.14138771449987936	3524.9023004190626
mp-19765	0.08444429843731485	9219.01172347967
mp-8335	2.2776803596647137	13.748044697813857
mp-768368	2.3253114891421918	33.66187468259022
mp-754363	1.9886188081106004	23.07466318736949
mp-13949	0.14834400002505743	2450.5837553336987
mp-8299	1.1387211105348563	108.31077090674164
mp-8298	1.217239931773261	89.46924566002511
mp-3038	0.36434365923017176	626.9090758745577
mp-23353	0.32046009647921125	899.321589313812
mp-22934	4.49757263754996	4.102806459834183
mp-28069	2.2274476410505253	13.284213695352674
mp-2574	1.8143182268625169	14.853494291127143
mp-1565	2.0984391317334694	8.310950824914837
mp-10615	0.5615972573392322	290.22523049844955
mp-6930	1.4340050532866873	25.921412121184687
mp-570097	0.840164076793311	77.04862232616534
mp-27294	1.8644436364159724	19.379221758677577
mp-2371	0.17396562761547757	1480.3967599406474
mp-6867	2.9223285826152736	10.420385519869766
mp-551873	0.545883761233104	293.1571495425081
mp-29342	2.0630571166175833	14.542221414357213
mp-2858	2.34281848781269	4.7116709847617
mp-23485	0.7534692273219877	295.52538626339134
mp-571461	1.0169902707936758	152.2860303795124
mp-5350	0.4212752867949808	388.86043523067605
mp-4452	0.4707003954800898	357.8177263194361
mp-3359	1.6077252534642594	42.83537178915911
mp-22956	4.621452404154293	3.271798131874453
mp-9321	1.1615699095034533	77.13914948922168
mp-28302	0.9758861363235485	132.32148077809433
mp-20098	1.6516713135172034	38.10980437744148
mp-1591	0.4590380247526257	159.15147447439844
mp-15157	4.028840012129079	8.616370583025795
mp-13660	0.6304869288463001	238.69036929331114
mp-8861	3.5658927367125397	10.190796070282714
mp-8789	0.8553053881564306	135.9210473742902
mp-5380	0.9541828342653226	108.22448978467798
mp-4809	0.46416475659146195	419.61167507708745
mp-28627	3.4174913258048165	15.70059575248678
mp-8873	1.507355653846195	22.27023341327558
mp-757	0.4736043943332254	261.8991304982814
mp-22984	1.035465371207685	68.61792280997089
mp-22937	1.5772215458074241	70.53594559770886
mp-14017	0.6082898185385541	643.2051199808288
mp-12532	0.5864209948088063	262.8286530147815
mp-7956	0.26587498516016017	2432.5164474486837
mp-7937	0.35314088194770926	198.31539505502388
mp-5928	0.5628628056032146	222.95495633775215
mp-28599	2.3455827639566262	34.78314378214715
mp-12509	0.7999358471490055	51.72065949239759
mp-8753	1.0400524511345113	110.82276377608314
mp-8752	0.5342594095448765	355.6196291713412
mp-8016	0.11299395981240387	3036.422239946284
mp-3772	0.2815093028338028	1039.9331604200995
mp-22304	0.2383651553399098	1680.6567545369437
mp-8017	0.0697172998573074	5530.9678469252
mp-7936	0.3208111622814777	213.23066720205907
mp-5621	0.0967380869745132	286.6786861716236
mp-4081	0.09366112470733293	307.6656279399885
mp-14205	0.7796052245692814	126.48922883433202
mp-623024	6.952222627540298	0.20513273990699174
mp-20187	0.4756419620628083	372.5563271694249
mp-15685	0.5089090488549438	236.24913325380626
mp-13984	4.531594712324578	0.5865939524879803
mp-7650	2.1169699926044885	15.6061603183197
mp-4175	0.04478496141492476	12774.50475962763
mp-15703	0.4164671917428584	120.48056728790792
mp-10572	1.4662148522488556	14.69302106120358
mp-10418	2.8501413944769753	5.281073412499231
mp-7939	0.30506250693233483	253.66083682054685
mp-4763	0.11607218637476237	784.0895315171781
mp-30250	1.178902402200863	36.858396533866404
mp-10748	0.1132121077879189	213.26860075918452
mp-10417	1.8700582043807643	19.146889796314237
mp-972937	0.6304887501058897	72.81887880849334
mp-4524	0.09288018716065485	1033.5155858482176
mp-11022	0.9776372148166883	40.7674176742454
mp-11020	0.5673993342117888	157.82966118581874
mp-10167	2.3309523961106464	14.752727551549182
mp-7801	0.792179311187166	113.57863495107614
mp-7774	0.39873629698046353	308.7131794185817
mp-12444	1.1698788082360008	83.92419739456805
mp-11703	1.0359632533719787	59.51431148502639
mp-7921	5.211997739471354	0.43593847212944464
mp-568968	0.7420974750841588	217.36177743020863
mp-510273	2.489613959924755	9.946463077338777
mp-2961	0.22875854701442236	435.7348701709847
mp-997002	2.384334124078856	6.905683390089186
mp-7639	0.5133903597681271	228.4296254005342
mp-27315	35.66113463612122	3.302837525870065e-5
mp-15668	0.5516468156761871	317.54458418384644
mp-13907	3.061630139287378	12.148972815710644
mp-760375	1.5495726745084908	8.080264363459394
mp-27420	5.1021854065400065	1.5558431512689253
mp-19851	0.5361609144441241	282.8461526290612
mp-975140	0.6169270646445059	192.78190348395069
mp-867335	0.98240742028107	117.27618494217545
mp-755287	1.4422050191799305	53.453982918071276
mp-697144	3.0197780714659794	17.37158470678086
mp-997041	1.5288086812738502	15.934887905342311
mp-864954	0.4224032100110626	80.69687301734918
mp-8411	0.4239229017716522	402.66294044406806
mp-996962	0.7810512801961581	44.3363793604309
mp-983565	0.0747948922343661	1039.8936198146453
mp-5213	0.017723867383065278	59388.573289452914
mp-239	1.3513533141712328	34.99269272240087
mp-1009087	0.06634929829254568	1499.8914871569334
mp-1009085	0.08918141190270057	1067.9965457274805
mp-9517	0.6256836117077915	132.45275880329746
mp-7773	0.28771483592397884	1035.580597824755
mp-7938	0.5049239172807838	85.58252295823571
mp-546011	0.6045296660698068	163.38726829520428
mp-1009084	0.0932433743143323	1246.3498207804405
mp-1009082	0.03986918758628312	20072.959958301817
mp-642725	1.8841214694977892	32.04006616984708
mp-553342	2.05068517071738	18.717735667722685
mp-24066	2.1342674220431377	28.281326346168683
mp-7323	2.245271131485708	14.838957665201953
mp-6870	2.5560175447190177	11.494373563458034
mp-3731	2.1947080605254037	6.535997385091729
mp-3666	6.805192060176016	0.05257699647266113
mp-991652	0.22833313671928424	129.078883037903
mp-4497	0.9558316307576554	44.55898340868191
mp-35152	0.5244602287375598	106.9739191401855
mp-7643	0.9943918313637707	92.02536438873675
mp-675011	3.9129245881768613	7.145649855407779
mp-541044	1.9837673460461966	23.736758483716105
mp-37216	3.0831471372162382	10.251307172711918
mp-34293	0.8207874219249096	64.91458283419793
mp-21228	0.944999116830815	143.87797939632478
mp-7457	5.013067797819367	1.1533313136463885
mp-27549	0.5576127904710216	446.9884811014967
mp-14206	0.7180855721089117	183.56721888125125
mp-1009088	0.05816513582272727	2184.5435535953225
mp-753401	3.603439167001015	1.2386171725004314
mp-3427	1.6202425170792853	27.166240933248538
mp-752676	1.5045437052925932	29.098637188427148
mp-28553	1.402331306143275	28.9654640021417
mp-27791	1.6724731580458598	26.337345329754726
mp-2400	1.5496478906820579	41.82022915674881
mp-1598	0.2961621648310386	1685.226952798067
mp-10322	0.9290939992487582	76.5605062826923
mp-588	2.7931440973782404	14.226193880518306
mp-468	2.802821749875724	11.568463436436804
mp-3762	0.1299679274499978	164.8448884968257
mp-3524	0.8751402668829255	52.92472383963489
mp-6949	2.992537034737735	13.451402306190667
mp-5858	3.769748126983446	1.6415818287227595
mp-27999	1.026923498295827	204.10686595756778
mp-8446	1.0426182202860874	79.0331957296263
mp-3980	4.635008678242183	2.9226044734343377
mp-3924	1.6232640236817193	6.759988002735524
mp-28243	3.581103917129762	12.299931301103554
mp-2068	0.7033819270257351	2.0720007191039844
mp-996983	0.4689779921238861	29.759781718419646
mp-567558	2.753461483560891	30.296195689121223
mp-4009	1.4761397682752515	42.70930141654225
mp-2072	0.8903062125661232	143.56944679630178
mp-16764	1.2481407670359737	50.23201820213627
mp-827	3.3014338287367666	4.30636588469843
mp-743	3.295052801409338	4.584429584694294
mp-33588	1.4028400538194956	52.30188980525547
mp-12954	0.11239450558151903	601.7363193776058
mp-12903	0.4273920917083107	284.2469624806504
mp-7392	0.5846001980946962	113.6246365027817
mp-5840	2.0469144421705927	13.402093293737689
mp-5488	1.3682913965424828	66.95536571636077
mp-541226	8.420815308213042	0.21185894708873113
mp-4979	0.20873613947185107	821.5466759396141
mp-5782	0.3018691206198413	555.2405148315303
mp-5342	0.21462842413735192	1301.2291770464685
mp-3595	0.08542966036007892	1129.9439249204597
mp-14092	0.10431268131612245	3639.1947331093584
mp-14091	0.18725686189253127	1666.3358772401832
mp-5518	0.03228557132300434	31779.76579221293
mp-5048	0.5939604279081492	74.31754198384107
mp-4586	0.43750107356821255	209.36613490831252
mp-3744	0.782945355612061	37.76193316533004
mp-20782	0.34421388386738566	579.7217295523247
mp-736	0.5091875159717639	228.71885819243528
mp-3078	0.037352485365389744	20799.929487863537
mp-23364	2.9965523529105864	18.030534851167005
mp-19833	0.050485457740278385	13314.23753824243
mp-16742	0.949748860363107	145.09633825212862
mp-991676	0.09881314220774653	421.4191361297092
mp-5588	3.345439127012852	10.850180437910709
mp-5038	1.6395124454758556	57.86536726151816
mp-2552	1.0103142891910586	60.33631581811655
mp-9778	0.9823919486559737	88.8504904509744
mp-9636	5.246786203577041	2.300083672133579
mp-9687	0.8706692820101308	131.24654722909978
mp-7940	0.4314572904032667	118.3399188486678
mp-602	0.04999090505885274	1651.881768991434
mp-5478	2.066793563035195	4.202599576476154
mp-30459	0.1468545744906573	259.3013884952155
mp-2894	0.06510281519198095	1060.8594320152758
mp-15988	0.17116763413420547	440.8308158233972
mp-7581	0.026213030553390203	2510.4936283871334
mp-28111	2.9908629980841264	1.2763670388489514
mp-1922	0.13070741141659709	1024.3878820389489
mp-1634	0.026009682752374457	2668.696584316529
mp-8200	0.036286098446114995	2205.6240251726604
mp-34126	0.07875900724532302	3179.1976420898877
mp-571306	0.4244478529616403	151.7575726246389
mp-2030	0.11957722198386542	892.8769528942175
mp-7611	1.7889787173549823	26.746260694163336
mp-7610	1.9199896269204353	22.13460743863074
mp-9821	5.513062817689548	2.051034886512198
mp-7439	0.8559634239642595	90.15584630044756
mp-555166	0.7323248143175131	157.16426487926753
mp-3668	0.0502053690226212	10160.229495574842
mp-2672	4.085309468966958	3.7156703378665434
mp-9486	4.616563323370041	4.687093635053208
mp-6408	0.05988008005105609	6177.329343864016
mp-4666	0.15091461353655206	669.3846020669258
mp-30988	1.62478689254821	21.41529019765534
mp-15684	1.1088120039450877	76.77346337902269
mp-9295	0.09800160265637266	400.20122361251373
mp-8361	2.41242447979033	15.159730365603554
mp-5414	0.5832247500658571	201.93720315504336
mp-5238	0.130328265296982	2312.3353000152056
mp-3839	0.0068866202528448306	181218.62425982393
mp-29138	1.0815260344922588	34.449755410012
mp-7472	2.64619394713565	5.427382577601071
mp-7467	2.869824860840108	3.5579931766004727
mp-553310	3.43945157170682	2.0456624036873596
mp-3982	2.547063365229067	4.823862044445477
mp-19734	3.4933511246692763	6.304298098658646
mp-4043	0.083059796559419	400.1837126069219
mp-27422	5.921814662607679	1.4228839332607655
mp-27421	6.12515977069536	1.3501244630630562
mp-27419	4.559243612735788	2.3044203249563324
mp-9274	0.9239983636960153	156.0918980894085
mp-9273	0.4704221085275078	427.2925720146898
mp-8311	0.08712905003320931	873.3930297150554
mp-28994	0.7377554293173361	215.84742536461474
mp-19795	0.4452650301872714	315.0602267227076
mp-9195	1.3346481391199991	49.99913475522358
mp-9144	5.137054246938984	2.2624215389854814
mp-9143	4.167016425001879	4.37247478943278
mp-3104	0.862670878162859	86.24542649600569
mp-29025	1.2532903169254885	65.04139344227801
mp-22255	0.5759285647687026	245.3312584671346
mp-8217	4.533723477012558	4.736417487808799
mp-641923	2.0990867870384924	45.15095369643984
mp-27882	2.8885221822406995	13.370176874505775
mp-23406	3.4406949039802512	8.965246395259001
mp-504729	9.18612626027159	0.15437457599539092
mp-27830	2.5271463530899276	15.92843758043621
mp-27827	5.555210667013626	0.7527378219893942
mp-23465	2.91065528831285	13.091291182194285
mp-23425	2.6949202233132135	22.202890449686894
mp-23405	1.9866042596704705	40.12533234743975
mp-638729	6.5097209166972485	0.6306680712564854
mp-27829	2.5113643230622746	18.599612389965795
mp-27828	5.266573823058279	0.8463267089791787
mp-754118	1.6543572065346963	30.979527273928074
mp-7297	4.643976229639538	4.332572672607665
mp-690785	1.2152657640682571	47.4205812806739
mp-643370	0.8565184304688758	58.751288759108775
mp-643279	1.6181500145645877	24.35818477666916
mp-643243	2.513684031099598	7.1565843623739385
mp-643101	1.9179561661750284	16.084062379268445
mp-7903	10.606347170336722	0.08363421893545027
mp-697038	2.2874207760810585	6.108545825724618
mp-697030	1.6238140175029874	17.88028950072304
mp-643002	1.6061075148979873	19.773029269658572
mp-315	4.205033436716947	4.464130170420736
mp-31235	0.2613123678679166	2757.9083927898896
mp-989407	1.127141259387701	11.18764228490318
mp-8062	0.26609814381046387	289.9133645724604
mp-36508	2.8801544147510825	13.885646077314556
mp-8882	0.11146913458763355	1543.2060676424749
mp-380	0.24356176887620412	1637.091572292995
mp-2979	0.38417815096129926	398.50778922174777
mp-24292	1.4978780820291675	23.74890364647142
mp-7979	10.197026080662075	0.08424113867013451
mp-23804	1.5849676593269646	16.224296149922356
mp-13948	4.1518948557615944	6.8502085290557355
mp-867300	2.073328685510607	15.527224398448304
mp-697044	3.448759758005001	1.523077890815727
mp-4047	3.688971162995118	9.186302172642447
mp-30062	2.34677872361331	29.152023565014485
mp-608555	3.113645359604475	14.01043795843746
mp-540957	1.1419624095201417	142.15343675724333
mp-28145	2.721399375354995	15.354357169934628
mp-28084	1.5554623227171351	63.27346119504968
mp-23060	1.2742952272635804	117.48459149360433
mp-543024	0.8078947325710873	205.03559899337768
mp-4555	1.578430742071746	31.495177539970562
mp-3042	4.211251550890906	6.411228793936989
mp-23350	3.4213257999613247	10.842130599533418
mp-13275	0.6522647719636606	270.9022454719325
mp-8812	4.798285037422319	3.9002877418515127
mp-549697	2.0158914099026903	17.209741402798382
mp-27562	1.0399451568257247	10.35741282956111
mp-14088	8.29938118527565	0.37741324434461754
mp-8922	0.9509775990114705	130.66001703251285
mp-7128	1.0271432551414716	98.55107279406236
mp-3970	15.46010215429686	0.01490955309014339
mp-10492	3.9195754859892484	7.757344036640729
mp-9775	0.47956086128043346	749.1676167673512
mp-9732	0.7851578355986799	135.82047876444182
mp-3821	10.496040592080849	0.08599990818338196
mp-29398	4.003588729711137	4.719188483828124
mp-29091	0.08823463378664106	520.5951166741821
mp-10341	1.7089516010934491	29.569753795127426
mp-9262	8.751722461641023	0.22483526432710743
mp-733	1.2491298356150642	47.136593930374005
mp-4002	9.610776241232722	0.1756248316676347
mp-9126	1.5786048486721904	38.81400717481325
mp-14398	1.94398780494716	13.803160711253794
mp-989405	2.5980917779900183	31.910815853383482
mp-505634	1.0327803266621796	40.45826199761368
mp-13898	3.9830305448216423	7.250924366796747
mp-552547	1.7273274888626762	21.765940664156332
mp-551243	1.6554260276556012	24.913817898594495
mp-23127	1.2645437998213518	61.73592792066376
mp-20282	5.33189887453882	1.6361682422751156
mp-13800	4.668481131272814	4.0489975903240225
mp-551092	1.7502913173668928	38.53412576043275
mp-13925	3.9296619142891185	9.028082419006882
mp-13900	0.8053764627353153	142.37369064464534
mp-989618	4.1628594703980335	8.19798045693878
mp-8000	2.0417755549712147	14.492137849382784
mp-6270	2.4073977551777626	9.06859560082313
mp-4514	9.668149239429974	0.03809332030753179
mp-11715	1.7270710382642585	15.710945326997816
mp-11583	0.51931276699501	128.60384379198493
mp-561561	7.191216224405858	0.4784869449073645
mp-11919	0.9375646731322858	61.10411847621836
mp-569548	0.7690689428511035	318.4385639020482
mp-12427	4.401144272828113	1.042989622850948
mp-11918	1.0705922060626771	41.97927363810772
mp-567776	1.1117938999898502	85.68550041949946
mp-567666	0.5944655191175557	180.26320440212646
mp-12535	2.2760353879005435	12.99240317994692
mp-989531	3.820461377210533	9.10838709666691
mp-989642	0.9964997829400698	57.062502862774586
mp-989562	4.775064015380419	3.110550744832485
mp-989558	5.453606142708545	1.8363337770729435
mp-989616	0.9563086167107621	19.74362848405134
mp-989571	3.432772922570567	15.114597278472683
mp-998433	2.7522355043846516	30.43558341228629
mp-675104	7.472519670815979	0.37301112570835787
mp-989400	3.887675867892115	7.949042480797715
mp-568052	0.16320118832086192	1177.4556300745421
mp-24589	2.858112350182313	18.79218229262257
mp-24341	2.09952546968906	13.735647288964646
mp-770932	1.4086381638260523	39.260599135877904
mp-684690	0.6423670533730654	137.89294613832047
mp-8932	1.2132427098823597	43.01801235404082
mp-867203	0.25928953966009577	1660.02458019911
mp-11674	0.412463973343691	457.7481144906508
mp-10246	1.5653808880762292	22.484846284173436
mp-8857	1.5096088905648906	40.547516754536524
mp-7670	1.2828448410739126	27.246179561161306
mp-7505	1.6104026822801363	16.580072364666513
mp-545500	2.101573084657989	15.60811207171875
mp-551835	2.0359985366180493	24.979792364728997
mp-551203	2.026068221811082	25.823985324400482
mp-3953	3.999536024424078	1.9514375422419377
mp-13445	1.0105705516641073	87.47968423863352
mp-989638	0.37360037052379674	116.54945518173122
mp-8703	1.424865315292509	49.08124329397953
mp-3642	1.1720423112138407	23.076225066881538
mp-27255	0.48551389137106926	193.00876287614005
mp-21855	0.1607339612047295	162.7252427135726
mp-569812	2.732467853137371	6.978469781125637
mp-841	3.041132912314956	5.435339479292021
mp-7642	1.0106419494353454	90.11570814142728
mp-24007	2.934782452491798	19.675495644562112
mp-8147	0.9053487234113871	89.17739599301304
mp-570324	2.3170275401009985	27.75300304027674
mp-547792	1.6692672435324658	32.581189121195024
mp-487	0.22383162862325467	104.68321884431415
mp-29506	2.2145592839950585	13.34121223449175
mp-8212	0.2901501150000257	67.29216686264512
mp-8187	2.0756688813319233	32.459664403383705
mp-4187	0.7495411880024636	104.29450976285061
mp-1340	0.27407290860183486	1105.8990933239593
mp-998599	2.416833422279602	31.688963055345486
mp-8235	1.2378948545401247	32.09309597391301
mp-560790	14.66947126431598	0.018303194864667353
mp-504838	2.011161510344405	11.20917143674221
mp-7374	1.020159114372929	91.2250356436972
mp-989523	5.952419697900826	1.00285690036443
mp-6204	14.652372059689192	0.011114926663874501
mp-23484	1.0978314095208215	138.22397575237102
mp-14038	6.364219275176701	0.659020582629016
mp-1143	1.4648028378483153	35.99279416409975
mp-545544	1.5807890099509498	31.110216860898216
mp-4385	2.033391058861193	14.898525943719237
mp-3159	0.36675490784919235	543.3521001403227
mp-12927	0.8996201069141831	67.16108775591795
mp-5348	2.563684782509849	5.313384987216976
mp-3395	3.3316949735045744	4.514088118855381
mp-8208	0.35887329938314194	71.04416889935803
mp-4531	5.8067987333096145	1.2529586249671043
mp-4360	3.1443094047533937	12.475604478284012
mp-4190	1.3720919260586129	49.79297667119241
mp-6960	1.17605035558485	38.00388403471361
mp-28295	1.4904591278523138	31.365231834686448
mp-13356	2.0055055642783572	24.939155725179052
mp-886	0.9796705364825216	116.17219660920931
mp-6459	3.8413591063106822	1.7685154820088562
mp-556953	1.7370487838310809	17.81193292255393
mp-552806	2.328906779056012	12.843202231870324
mp-12814	0.6736250610945658	159.11308748737187
mp-6654	4.124497899586668	7.010386029333781
mp-560558	1.5562156691315505	53.93263738685609
mp-553025	2.332090355708687	11.016672591668476
mp-29396	0.5012352940538423	169.30410663992527
mp-9672	1.2940364698296045	24.014661083094573
mp-6586	4.215305928997357	6.687767122052842
mp-10223	1.5257485361715117	18.86454563548213
mp-567913	0.5472381952862451	308.56592751628125
mp-541899	3.138724015575961	29.878733900066557
mp-29751	3.236661373345175	15.61221658130232
mp-29750	2.5577607130412434	35.46033057799758
mp-10289	0.15702297780386842	300.58785379626136
mp-9205	5.126534804783709	1.084556702024542
mp-7667	1.8698023465432274	21.20267062251753
mp-23054	1.1504310297437315	69.18265136539516
mp-7027	1.3837754677031862	36.116954324473795
mp-28453	0.6708545657168091	454.5700201266592
mp-28423	0.46199190787227173	231.20575372400083
mp-27300	0.899440736542479	249.59505608924007
mp-8697	2.560948014386832	4.6379509353484965
mp-6989	2.994175235051428	6.310643292988281
mp-6984	1.204387454154831	29.93248106341581
mp-14588	1.3674129242108133	30.332384827753803
mp-7958	2.9612425562174085	7.722962263772985
mp-23004	2.9862816038573965	21.003356881233767
mp-961649	0.36742460969863283	114.89567700983973
mp-7447	1.2257490300791416	41.622282913409784
mp-7446	2.1944657210808853	17.363378898549634
mp-23302	3.0237936228926108	40.09720722984502
mp-7972	2.6964047903238475	11.042310135124268
mp-7449	1.3310433973474378	43.84841912178875
mp-7176	2.0415712656277396	21.262732282983514
mp-567290	0.7452682755890523	97.74010881246149
mp-15781	2.051969946434648	17.764877899592822
mp-13033	0.4141153902655918	535.5424111992614
mp-1008786	0.6595989208472048	239.74087470063085
mp-8880	0.2395979773407568	325.57874943749766
mp-684580	0.46235003618191234	601.9938948090685
mp-29678	0.3888429358196372	326.96738879582495
mp-2469	0.32386940203651154	1014.1738076231242
mp-1700	0.6602072140957344	94.3425765951164
mp-11739	1.5191595446545962	36.13609676167519
mp-1008556	0.5025398693723622	202.51344064546885
mp-8884	0.15588830341805618	2953.548392895465
mp-830	0.3439317354848814	521.0262747200819
mp-7140	0.29280622706640674	223.6766887582549
mp-560588	0.3895959837176392	531.3538728950821
mp-23231	0.9941021387747346	217.28430634683548
mp-1986	0.3332242203656683	777.2897862501777
mp-1070	0.19900891742773397	3682.454424616612
mp-23299	3.591409636455052	17.721652416477077
mp-23197	2.921837983817618	22.83527000937647
mp-23167	1.8519502829951144	80.08337103754418
mp-22906	3.2281625116977586	31.31319036591556
mp-22865	5.114830960325378	4.234121401074676
mp-2175	2.3468770062324897	38.23384669628726
mp-2064	4.4190121450827995	8.191424349304533
mp-9361	2.082696891278583	18.07463099946609
mp-23303	3.417792721911336	26.31105810175597
mp-23289	3.6635294518914887	14.675121760690283
mp-22899	2.319675717040688	19.047589490388862
mp-22851	3.8210894687327484	13.760691068940456
mp-1639	0.4249132060474806	105.38239547503166
mp-10680	2.413948338837879	14.52236431458178
mp-1009813	0.0032602989257794917	69472.00809444855
mp-961675	0.2644167602115777	80.66510233669376
mp-961648	1.2944193014635366	60.98768816804431
mp-570891	3.3348028364473357	23.366665441088053
mp-539	0.5236141007843579	288.3787802207465
mp-22901	2.9134742497772397	36.26271732135133
mp-10614	1.281069225264043	25.89944594540842
mp-10044	0.006832421972670698	13560.31430150965
mp-961774	0.7143667068374675	200.8167271962763
mp-961698	0.23197058146008726	691.5232358356722
mp-961683	0.8560521102696843	77.5387881653754
mp-961660	0.2771857726539009	212.13737654659877
mp-961646	0.13456920936600883	1671.4697019603198
mp-13032	0.7364091904824904	173.5549641698077
mp-961661	0.16071644791715667	303.92642814918725
mp-961659	0.19183102817634654	166.6758940156583
mp-961657	0.14662775615306722	290.4361395015984
mp-38011	2.48206228746073	28.979925441272545
mp-10760	0.9351884216011002	119.49681855866865
mp-7895	3.1846417798230218	9.546321086455874
mp-581833	2.940731274364586	9.93850686398297
mp-569346	0.1875643571642715	1540.2084200643783
mp-558071	3.0388281105009556	12.123295665605742
mp-36582	1.8404781566149435	49.206247858256084
mp-8881	0.1862127947939524	507.18766461039326
mp-753946	0.1902459386993312	191.36747973590587
mp-644203	1.2648872056459473	38.30689506198094
mp-568273	1.4729519482421978	70.23546271427603
mp-22894	0.4635351306759919	593.1252614018285
mp-12779	0.17119323669590786	4139.141184123707
mp-10918	1.8666591013987006	35.94817699533024
mp-9514	0.5822639840814944	121.07434829438516
mp-553875	0.5614155731094932	119.89127463841434
mp-32880	0.1701925730328478	2199.1832356198365
mp-23259	2.108343523094154	35.399616719344316
mp-22895	0.1968807231220637	1499.697575493113
mp-1778	1.2371309128173045	30.045043116988758
mp-984761	0.9834021156186751	370.80000192141586
mp-966800	0.07268677211343968	10104.494119647643
mp-961678	0.3041024569670228	151.16898436024454
mp-8145	2.100708932828368	16.597202233916423
mp-8039	2.9386196148976667	10.71337179626116
mp-1018096	2.2368324263211896	19.164254844371097
mp-10159	0.8786236433886048	417.4520442245854
mp-1009733	0.3110938117857253	321.7598456103102
mp-241	2.402987885515467	25.941735826226807
mp-2201	0.3369990674069357	1311.1400169531325
mp-21276	0.3867892667143411	859.8689309983308
mp-10250	3.8000382005924993	7.592510827653045
mp-1018100	0.06520312422895475	3200.9574338624398
mp-8402	3.078846913644234	13.631904980777222
mp-8177	1.6112714952804732	65.60880792202501
mp-7891	0.2799379383571878	1639.1978124454988
mp-12894	1.4118726043642609	28.539777273576746
mp-1018040	0.5747540918628665	321.9814203666816
mp-1014244	1.4165996643906558	8.457394292257995
mp-9575	0.26589945337031956	248.01606643434917
mp-776532	1.972910047378062	14.861588592656403
mp-568544	2.3002350857263676	50.299172736296164
mp-23949	1.7589872058460176	23.21979222792573
mp-1968	2.855922150456673	5.205408571255623
mp-10086	1.149810221645995	64.51365316703746
mp-5394	1.4412690504581862	42.310814422844466
mp-470	0.916837429169202	117.61553636799754
mp-27985	1.8392285366535135	26.249258083756686
mp-27546	3.1079586410169746	9.916770701118226
mp-2657	1.4304723399160058	18.11571437556393
mp-23214	3.8161944404079295	4.94129392456209
mp-10219	2.263178655871699	18.264498635974554
mp-754117	1.5636939825397207	24.441407485347792
mp-568032	0.30080142191875603	1169.3298486291621
mp-27243	3.9475436652405707	7.532697502273466
mp-755309	1.6095844545728384	8.380395912161193
mp-7548	0.7454505588467507	147.2014753190085
mp-568536	3.0341504105000645	19.800941716316846
mp-567680	3.7265179040957053	9.499864236655915
mp-561586	1.9739734295419216	22.650847674360634
mp-754710	2.922665163738573	13.64401581284718
mp-754517	2.7457814572162023	14.635062443418313
mp-754212	4.314573404541593	8.408125933891553
mp-7233	1.7019295200549627	17.573199983314126
mp-7000	1.434007443482341	25.92141966395177
mp-8407	0.46481619203687397	246.21042914906067
mp-8405	0.3036799665561676	489.371968803118
mp-7738	1.2168337865463394	68.42734829187259
mp-7100	5.529749579516542	0.5587834086703228
mp-4547	1.2008302929706234	42.17614379821293
mp-4511	1.898026684894439	13.724746361856905
mp-504535	0.7327780926368136	118.98244536001994
mp-23025	2.1684409219760394	14.886867184233644
mp-23023	1.952962753404002	17.73431304572061
mp-20072	1.7300540267089115	18.286514359644855
mp-8180	5.985893688167887	0.8353079583870813
mp-754535	1.6060824458412604	21.251596924490684
mp-6088	1.242593320594616	29.632675254941525
mp-552488	1.0459303166165106	41.70169495228838
mp-7060	0.610143682568778	188.74649839046478
mp-549589	0.5544234622646093	230.193721432439
mp-755586	1.9331552378266383	28.019598674006613
mp-567373	2.8528110271903624	2.4312056867812206
mp-675531	0.9653642714097879	52.75873628870612
mp-573721	1.1930407176381892	44.15150934449473
mp-556405	1.8725198529451492	13.399505363314375
mp-2920	2.127962585797918	12.084297058532016
mp-989643	0.6387270284708516	20.836910247291875
mp-974603	2.9125770375031754	8.054750053456683
mp-8934	0.7750178480325579	260.0075341317938
mp-1873	2.698102732145635	18.243991447139187
mp-8931	0.6412175399689595	379.56545849872924
mp-8930	1.3760570975580564	19.616707237677574
mp-1008559	0.010922856083947375	7266.599824630131
mp-510268	2.115040786176662	11.26596336512382
mp-15556	1.3683720287160634	45.56921462602586
mp-13992	2.5253260548156784	7.7412253880809265
mp-11695	1.8010095030084354	19.626405665745395
mp-24721	1.8476343923438678	23.83242795499889
mp-2079	1.6496961917513606	32.99002223176198
mp-13868	0.4362951680398889	29.69406935720953
mp-632319	1.8545173690564154	17.670820140728686
mp-24084	1.940756081829799	19.092469403488103
mp-19717	0.31995277160554964	1082.5029665755283
mp-1394	2.042450673826468	38.0927365212544
mp-973185	0.9768397977719234	40.790022779344504
mp-753260	1.5861058074490988	22.185066525715072
mp-753098	2.2118283816481896	6.03193371540661
mp-6972	1.3142774184603558	29.568898568934983
mp-570538	3.3894437497573704	4.124405676520737
mp-559092	14.51826586130139	0.005899210026212986
mp-4636	1.02383315837593	35.386010158444584
mp-2659	4.390365484542283	1.7196324277644826
mp-20459	1.8416381408154012	9.544811336686053
mp-15794	1.1330730561780096	61.69550057797299
mp-15788	1.2830118003804825	47.58412233087672
mp-6920	5.6995785777573245	1.0660672424603983
mp-28602	3.161285097899545	18.359973834928475
mp-23737	0.9892072119899877	56.72566704655761
mp-555763	0.3757459279641762	557.0562841526074
mp-5479	3.769899481119954	8.997161346799622
mp-23859	1.537616271880937	24.323801111164858
mp-23818	0.7635937606471489	76.71162378860411
mp-13548	3.138668628350669	16.602460868382085
mp-11824	1.1378641958147064	53.24393942011223
mp-24423	1.309062095944819	37.90030240261778
mp-23956	1.2555809628839727	34.493978413047344
mp-998156	3.247034657150797	10.101184613944374
mp-634657	1.9276904234217453	42.18845847251422
mp-36066	1.7943263035535788	7.29981191603621
mp-30004	3.7027365108068873	15.323199425753014
mp-998198	4.89649858291765	10.465768755515848
mp-996997	0.5884920062799553	88.43429271485135
mp-8874	1.6135049888147068	19.264318347072034
mp-754368	1.4144473032010716	44.25765854679326
mp-676284	0.5105431089265573	390.77808525593167
mp-568661	0.20417362763993796	2257.863085098126
mp-35220	1.0436046988338452	28.245966622719877
mp-34169	0.225919347241976	1735.357291605559
mp-15704	0.6287031723126039	92.39184224856902
mp-10955	0.009802205101042828	282462.80291973456
mp-7955	0.40165279623980393	324.64800139508304
mp-3813	1.0547056314167789	86.4561911686891
mp-11714	0.2813736928609814	236.71116453945072
mp-11019	0.6455806780326901	94.967486286367
mp-4782	4.236304871657451	4.604307897253162
mp-2918	1.3979029944488042	24.032766497506625
mp-29151	1.7192916600704569	32.41898873800729
mp-10281	0.38540452896492433	544.1659903528969
mp-30251	0.9630287857529829	66.20052796984474
mp-20329	0.5154916583941623	203.07890452443485
mp-13983	4.267119628691447	0.5224940263252938
mp-8256	3.5862655837385176	1.6434434240467115
mp-33526	0.772232078981725	75.33317137814437
mp-24428	3.0071175818860354	15.596846751370956
mp-23116	0.3487409759767087	724.3810590769777
mp-22483	0.6123566870073068	309.9428420913217
mp-13610	2.778012372008278	11.843548442103309
mp-10163	0.7230388094146526	175.8189846489029
mp-20015	1.3531757935580353	54.4258069925843
mp-23059	3.5378420756152456	13.164116011002134
mp-15951	2.3220020937558234	10.802742359967942
mp-7825	4.838892635383041	3.5545649604598815
mp-223	1.2491305606736451	47.13658895318505
mp-867699	1.4644515308277608	16.59264943170747
mp-8257	1.2294946118079448	105.48366320594802
mp-23091	1.3093115017473278	57.00952348852727
mp-13056	2.3549624718105884	11.357675984621372
mp-9839	3.8737327403452326	7.5880903474669585
mp-974381	0.051378439220915895	532.2979436776565
mp-684969	0.8472963501461803	81.52801130240077
mp-14037	4.59285499953471	3.525464682393913
mp-13109	2.1168067595216686	16.037786195465095
mp-11659	3.977294769049844	1.0233850109907476
mp-567652	6.695259226428151	0.6752067830987439
mp-32616	0.4746662184449893	330.4704726501293
mp-8098	0.8076132474250296	184.00467771960027
mp-568619	0.29273606925800144	213.8203467720193
mp-23092	1.658057139656603	27.27643849083568
mp-11713	0.2675402662178999	242.30265662020162
mp-8207	0.40881297505100517	56.65696609749729
mp-547244	2.7736496181276142	7.616704083895602
mp-998604	3.7734674893550757	8.359327811487876
mp-998603	3.369306300852661	13.658488295970024
mp-9812	1.891764916685455	14.922311296594023
mp-989575	0.8302683175791622	45.92650449141378
mp-989539	0.7403831705646623	68.04726061790484
mp-989561	3.821720305879011	8.351748587225636
mp-989535	0.7297923957929757	53.23159158762026
mp-989610	0.9539001275748579	67.81741431433642
mp-8262	1.4791955031991872	34.17158301076508
mp-27678	1.1556844681976848	17.9429847428701
mp-989608	3.0610970272699447	13.587215103061153
mp-989513	0.9837262736179091	27.67782050005981
mp-755013	2.8709006916610376	5.432990755822833
mp-6026	3.418829816343909	3.7333370293284323
mp-13903	2.997065532676903	12.200317100658332
mp-29364	2.088974718263262	18.32627316542809
mp-568560	2.24829090739459	52.95366435832387
mp-5652	1.7412927025054779	23.099384776920047
mp-22875	1.7483554033092572	120.24791390967988
mp-13099	0.5106732454268775	182.11809850646762
mp-997618	0.0365299533886823	2327.738287974159
mp-8455	6.731978234604069	1.51174467700589
mp-8454	4.623611364150578	5.721453125069999
mp-571102	1.7422740578179208	85.32440740673847
mp-370	0.6963977129561609	230.9830250412633
mp-2229	0.9315000204467846	164.6795856657606
mp-1794	1.9633464478824838	17.472089935797353
mp-1009819	3.2037807236268536	6.016003760263466
mp-1009129	1.5369118571383014	49.99364471253276
mp-1009127	1.8077717995444893	46.35059970468443
mp-1002164	0.23765126034825423	325.67283813788896
mp-1002124	0.11558332188699523	417.648234344236
mp-570354	1.59193169667764	72.69911060375296
mp-569639	2.456355029736378	36.23936663779386
mp-2600	2.1822254266148766	17.933128755841004
mp-22919	1.1186321906301904	142.199965308068
mp-1009820	0.07316126625939161	5515.242491358793
mp-1009792	0.0967323043584517	325.00245012887376
mp-1008223	1.0700857696266954	101.2209452441695
mp-2853	0.6468589140063133	182.60387858913873
mp-23870	1.6664520649384549	20.783185560110795
mp-23703	0.882368288227268	56.20441339188911
mp-1330	0.97809914925555	56.144287483333144
mp-10653	1.4483353454101031	67.43888971491873
mp-571386	1.688746347104418	79.15694427574648
mp-5427	1.893754564364467	21.870848131907692
mp-34579	4.57306038951806	4.685621067697017
mp-10776	1.1638432724138246	51.09159416038275
mp-10627	2.2943374695684775	14.376319196520777
mp-760400	1.4517446923654773	50.652701647318835
mp-25305	1.6127162362748966	12.592991194062433
mp-6494	3.0039859611327904	6.014021178602117
mp-558430	4.1521231928698255	4.469764897826817
mp-9259	1.882176966527409	23.204183104079316
mp-8127	3.1119666887889563	4.6990619413978845
mp-549737	2.4028291411860607	11.334202984109302
mp-9675	1.5711066750709242	34.8788735342742
mp-8891	2.406962381309731	7.089961565559346
mp-304	0.3680096863391881	361.75863602101714
mp-9107	0.9751799502384693	47.220624708637
mp-8759	2.912730336622679	8.090749205624663
mp-3519	0.9626667838493179	33.25190043022216
mp-9780	1.0749651541150425	40.24541831078793
mp-1106	0.2935746880786942	670.5928998052226
mp-9900	0.15648961727560984	2311.4073064586987
mp-9317	1.1756681175146066	29.491320165535075
mp-5377	2.5086440323035646	4.647028926266949
mp-4406	2.0728266490066676	18.61933300246673
mp-2517	0.31767881607820614	414.21567942607066
mp-23260	3.0832119668398628	17.581453019710953
mp-568284	2.5310126552480856	17.42124688701762
mp-9664	1.8793168406134244	18.682017221087403
mp-4200	3.553550199545007	1.38596372147635
mp-7566	1.4172462519018654	43.58469210335638
mp-7470	1.6819483976326854	32.94672184473007
mp-5127	0.5139950161101114	99.52890355534535
mp-2576	0.35362147536336314	549.426882061628
mp-560791	3.1632399864693244	3.6396795242850053
mp-556866	0.7585414822298417	238.71668608343592
mp-9755	1.4063777902674663	37.016971879765286
mp-643264	1.3402083867723322	22.507954175353607
mp-11123	0.9541927542404642	171.83454771217043
mp-8724	4.4340367410245625	1.8658215988009874
mp-22323	0.6448494612113947	311.7661100946348
mp-1243	0.9725544553611518	118.63417506466253
mp-8459	1.8143661087512153	27.884545120610078
mp-29163	0.31774240196011383	314.1911699750173
mp-20256	0.6116881792125053	374.46913750957384
mp-181	0.044350676067540014	3697.5460793714446
mp-11265	0.30892358240511486	628.6172906183326
mp-9855	1.2328929005571303	35.31661886128347
mp-8161	4.049177515913921	2.073196242111691
mp-3288	7.630274005041933	0.2232852453338741
mp-27303	0.8124234752383234	24.63443006985832
mp-15999	0.719023822411274	120.94414153335107
mp-8058	1.5951492379049002	31.15769785613069
mp-7219	1.3716798020787373	34.9407167969857
mp-23018	1.7246823667568185	16.153347820154703
mp-29463	0.99489301369542	36.963272335138
mp-1020059	0.580019626875629	147.6563696850218
mp-9844	1.9711933258879368	18.356688720382337
mp-7469	0.9282957466576782	51.4407794463777
mp-730	0.12925185610744652	439.6415866016246
mp-573658	1.4013445046667599	50.3565113979166
mp-752580	9.70530527208322	0.06220098658794725
mp-28264	1.7326142641088162	21.13863944825549
mp-13133	3.9562040504995335	2.1960283412763344
mp-9720	1.6126521754436074	32.88407373319761
mp-8042	1.9394742650031815	10.790842372651998
mp-755895	2.1500419481477406	15.233117269882358
mp-5132	2.757494520506558	4.3014350908525785
mp-8615	2.620074901348641	1.315776217119466
mp-6450	0.9528489090672844	63.629491198096574
mp-4690	5.946594720976922	0.9069307216729758
mp-14285	0.25796183382152676	85.75436646375654
mp-7931	0.6426020893848414	147.70021942133266
mp-540703	1.9718495360888155	51.846910941221495
mp-1345	0.5904583065861067	119.81757044025703
mp-772290	0.6352293584161263	66.36819830404973
mp-7631	0.36571162641542926	105.85771529788663
mp-2340	3.353472332374913	7.201741823214761
mp-9063	2.577557062037195	21.585272217046914
mp-6660	2.325437244352984	16.737357775019056
mp-1020019	1.5217494463882728	21.546023090201643
mp-9268	2.1546788709541556	25.54517058620807
mp-9062	2.9246445702412385	13.972738280579891
mp-4533	1.964130240514805	23.27357126790804
mp-1287	2.6531584951260623	14.65753215564734
mp-7622	13.086989076993413	0.008389432056763246
mp-642648	3.6140359753057427	3.200826297101871
mp-160	0.016264532986474848	1274.2656003704594
mp-573763	2.174521407797388	67.22047016721027
mp-27456	3.7498137369214524	9.840532142360546
mp-14333	2.5594672654142956	4.099161961908755
mp-13676	1.244377956692518	64.76157774603455
mp-7911	1.5447183518323384	31.444529718325885
mp-15896	0.040805202258911336	16064.90964221337
mp-15349	1.6122769593240618	26.521922795434747
mp-14175	6.799745709103812	0.45634940471527663
mp-28020	1.0717493243288785	72.86010374158332
mp-27608	0.9337278847267144	74.59599110635273
mp-27227	0.6709751463341883	23.093556759782093
mp-22450	1.2502905225853704	65.38541113064723
mp-31468	0.742505527576807	135.1033225175937
mp-28270	2.0355627550239457	22.466866647941025
mp-27904	0.4791597182101451	16.49876354843847
mp-5061	2.752275310577197	4.1797246467463465
mp-5012	1.8301186975340218	19.260301169274143
mp-4156	2.290642007364744	10.86439747283444
mp-5784	1.7684461844655477	32.003833788120545
mp-5122	0.7145872558050675	216.4536303621481
mp-3349	1.9746999329389432	12.771816737059988
mp-30456	0.528280681448301	210.76582212039133
mp-567744	2.121544326477044	43.846103456247604
mp-554155	3.084678120969171	5.674081205785343
mp-4236	1.5443374604215623	47.760603997379306
mp-9718	1.4050282549183166	50.22527606887113
mp-554412	3.351902791993341	3.279396276443717
mp-553961	2.2901493160718354	4.970130523864621
mp-16577	21.094921517693262	0.0008156529764938825
mp-975115	4.690954337354796	1.118633203861138
mp-6983	0.762672496017237	73.42535592165947
mp-546125	1.5300404648242667	28.97371334898763
mp-12622	4.491898625946883	1.5807966592304943
mp-9856	2.2249104781245848	14.913041272244884
mp-867730	2.1224512634695802	30.969438754560116
mp-569442	16.848912220006042	0.004348774261067126
mp-21511	0.5716883250838207	398.6533385531412
mp-7572	1.921974176922963	20.40576073512087
mp-3419	7.653941967177331	0.2730332387864168
mp-3074	1.4247720921378342	32.97003068285493
mp-2534	0.005240425483263114	308064.0090982545
mp-1009750	0.9402470656989685	25.425811324981176
mp-1009220	1.9222386857383944	18.456468149203427
mp-5078	4.183938519051743	6.384061744348948
mp-28603	1.0711379965115388	134.6267010717863
mp-27385	4.077480082688108	7.846848447846841
mp-9986	1.4319068779834765	64.16300730791124
mp-7148	2.17983597113352	14.36620310300803
mp-4609	3.966906808571047	1.0067622668903773
mp-21166	0.2627174986653489	956.892903887759
mp-16264	0.6616826585351409	95.85198394990955
mp-10547	1.4532789435440243	48.37265333070543
mp-9794	3.03287682383411	8.571408497496893
mp-21510	0.42059758973125627	874.0668904342177
mp-12418	0.39067135821738097	415.3500816898474
mp-23550	4.980370821413006	1.6717700205851143
mp-12885	2.799021979095999	5.569612448478434
mp-12016	3.0979353312094946	6.400361344929338
mp-3700	3.467494606009645	8.217076917647605
mp-3247	2.0990204681117364	9.46069990181161
mp-12623	4.718211082588262	1.494596072499488
mp-4035	4.675021502548046	1.116327772481757
